Package_ID,Driver_ID,Shipment_Status,OFD_Time,Delivered_Time,Status_Reason,Batch_Code,Buyer_District,COD_Amount,Settlement_Status
PKG-504804,DRV_14,Out for delivery,2026-08-05 12:43:53,,,,Cinere,17160,-
PKG-C76C6A,DRV_16,Out for delivery,2026-08-05 12:54:24,,,,Limo,0,-
PKG-5463C8,DRV_00,Out for delivery,2026-08-05 13:57:44,,,,Limo,167458,-
PKG-1A8F0E,DRV_33,Out for delivery,2026-08-05 13:00:41,,,,Cinere,155338,-
PKG-3BDC73,DRV_21,Out for delivery,2026-08-05 12:54:59,,,,Limo,95700,-
PKG-0BDF0B,DRV_38,Out for delivery,2026-08-05 12:50:49,,,,Limo,0,-
PKG-A65C7D,DRV_17,Out for delivery,2026-08-05 13:44:46,,,,Limo,0,-
PKG-016E9A,DRV_52,Out for delivery,2026-08-05 12:48:40,,,,Limo,14140,-
PKG-06C785,DRV_56,Out for delivery,2026-08-05 12:54:16,,,,Cinere,29475,-
PKG-2903F2,DRV_43,Out for delivery,2026-08-05 12:55:50,,,,Limo,83325,-
PKG-25EC2C,DRV_35,Out for delivery,2026-08-05 12:45:47,,,,Cinere,56843,-
PKG-A3B264,DRV_39,Out for delivery,2026-08-05 13:31:41,,,,Cinere,11715,-
PKG-64F87C,DRV_38,Out for delivery,2026-08-05 12:50:49,,,,Limo,22832,-
PKG-A00F9E,DRV_20,Out for delivery,2026-08-05 13:21:02,,,,Limo,11921,-
PKG-1B434D,DRV_17,Out for delivery,2026-08-05 13:44:46,,,,Limo,0,-
PKG-0A5DA2,DRV_15,Out for delivery,2026-08-05 13:31:40,,,,Limo,82416,-
PKG-779295,DRV_20,Out for delivery,2026-08-05 13:21:02,,,,Limo,72424,-
PKG-1B0A44,DRV_32,Out for delivery,2026-08-05 12:54:30,,,,Cinere,24535,-
PKG-FC0941,DRV_28,Out for delivery,2026-08-05 13:11:50,,,,Cinere,0,-
PKG-45D389,DRV_25,Out for delivery,2026-08-05 13:13:19,,,,Cinere,0,-
PKG-F7CBB7,DRV_56,Out for delivery,2026-08-05 12:54:16,,,,Cinere,26401,-
PKG-87FEAE,DRV_36,Out for delivery,2026-08-05 12:52:51,,,,Cinere,0,-
PKG-F6536E,DRV_33,Out for delivery,2026-08-05 13:00:41,,,,Cinere,155347,-
PKG-8B696E,DRV_37,Out for delivery,2026-08-05 12:52:20,,,,Limo,0,-
PKG-C7696F,DRV_33,Out for delivery,2026-08-05 13:00:41,,,,Cinere,0,-
PKG-3D1FED,DRV_58,Out for delivery,2026-08-05 13:28:56,,,,Limo,14140,-
PKG-BABDF4,DRV_19,Out for delivery,2026-08-05 13:07:00,,,,Limo,66475,-
PKG-071867,DRV_16,Out for delivery,2026-08-05 12:54:24,,,,Limo,0,-
PKG-88CEF8,DRV_50,Out for delivery,2026-08-05 12:50:19,,,,Cinere,0,-
PKG-918FFD,DRV_32,Out for delivery,2026-08-05 07:26:35,,,,Cinere,27775,-
PKG-7CDB07,DRV_32,Out for delivery,2026-08-05 12:54:30,,,,Cinere,0,-
PKG-6553EB,DRV_47,Out for delivery,2026-08-05 07:51:50,,,,Limo,55196,-
PKG-B46DFA,DRV_43,Out for delivery,2026-08-05 12:55:50,,,,Limo,0,-
PKG-58BA8D,DRV_11,Out for delivery,2026-08-05 12:46:00,,,,Limo,0,-
PKG-C2C993,DRV_12,Out for delivery,2026-08-05 13:02:25,,,,Cinere,90008,-
PKG-5A3775,DRV_18,Out for delivery,2026-08-05 12:48:44,,,,Limo,0,-
PKG-898C5A,DRV_50,Out for delivery,2026-08-05 12:50:19,,,,Cinere,24022,-
PKG-A7EFE2,DRV_19,Out for delivery,2026-08-05 13:07:00,,,,Limo,11110,-
PKG-C07401,DRV_24,Out for delivery,2026-08-05 13:01:46,,,,Cinere,23644,-
PKG-5EBBD6,DRV_36,Out for delivery,2026-08-05 12:52:51,,,,Cinere,0,-
PKG-EDECA2,DRV_31,Out for delivery,2026-08-05 13:22:02,,,,Limo,0,-
PKG-70E543,DRV_03,Out for delivery,2026-08-05 13:02:20,,,,Cinere,78777,-
PKG-A4BA67,DRV_00,Out for delivery,2026-08-05 13:57:44,,,,Limo,33834,-
PKG-60DA45,DRV_04,Out for delivery,2026-08-05 13:11:21,,,,Limo,13827,-
PKG-5C3A9D,DRV_00,Out for delivery,2026-08-05 12:42:13,,,,Cinere,45500,-
PKG-799BB5,DRV_28,Out for delivery,2026-08-05 13:11:50,,,,Cinere,0,-
PKG-E58733,DRV_50,Out for delivery,2026-08-05 12:50:19,,,,Cinere,64992,-
PKG-5AD5E0,DRV_33,Out for delivery,2026-08-05 13:00:41,,,,Cinere,45365,-
PKG-49AF33,DRV_14,Out for delivery,2026-08-05 07:23:28,,,,Cinere,55057,-
PKG-400768,DRV_24,Out for delivery,2026-08-05 13:01:46,,,,Cinere,27484,-
PKG-5119F5,DRV_14,Out for delivery,2026-08-05 12:43:53,,,,Cinere,13534,-
PKG-D6749E,DRV_30,Out for delivery,2026-08-05 13:02:29,,,,Limo,27269,-
PKG-6D60FD,DRV_44,Out for delivery,2026-08-05 12:46:51,,,,Cinere,0,-
PKG-80A78A,DRV_37,Out for delivery,2026-08-05 12:52:20,,,,Limo,0,-
PKG-5D7D70,DRV_56,Out for delivery,2026-08-05 12:54:16,,,,Cinere,12878,-
PKG-745596,DRV_56,Out for delivery,2026-08-05 12:54:16,,,,Cinere,12878,-
PKG-BC5BFC,DRV_29,Out for delivery,2026-08-05 12:48:34,,,,Cinere,35039,-
PKG-A43E7A,DRV_03,Out for delivery,2026-08-05 13:02:20,,,,Cinere,33835,-
PKG-EBAD52,DRV_18,Out for delivery,2026-08-05 12:48:44,,,,Limo,107058,-
PKG-CD7C90,DRV_19,Out for delivery,2026-08-05 13:07:00,,,,Limo,0,-
PKG-92940D,DRV_43,Out for delivery,2026-08-05 12:55:50,,,,Limo,43253,-
PKG-F5C7C1,DRV_43,Out for delivery,2026-08-05 13:53:14,,,,Limo,13635,-
PKG-190E3B,DRV_31,Out for delivery,2026-08-05 13:22:02,,,,Limo,19493,-
PKG-DA0BCD,DRV_39,Out for delivery,2026-08-05 13:31:41,,,,Cinere,0,-
PKG-5D18B0,DRV_11,Out for delivery,2026-08-05 12:46:00,,,,Limo,51913,-
PKG-D9885D,DRV_24,Out for delivery,2026-08-05 07:34:07,,,,Limo,34592,-
PKG-6CBD37,DRV_23,Out for delivery,2026-08-05 12:49:48,,,,Limo,0,-
PKG-3AD32D,DRV_37,Out for delivery,2026-08-05 12:52:20,,,,Limo,0,-
PKG-57CBA7,DRV_47,Out for delivery,2026-08-05 13:10:35,,,,Limo,64236,-
PKG-CE4350,DRV_14,Out for delivery,2026-08-05 12:43:53,,,,Cinere,34744,-
PKG-1ECBE2,DRV_52,Out for delivery,2026-08-05 12:48:40,,,,Limo,38385,-
PKG-384D16,DRV_47,Out for delivery,2026-08-05 13:10:35,,,,Limo,35955,-
PKG-344BD3,DRV_54,Out for delivery,2026-08-05 13:01:46,,,,Cinere,88273,-
PKG-835C9D,DRV_40,Out for delivery,2026-08-05 12:56:37,,,,Limo,0,-
PKG-4DE2CC,DRV_22,Out for delivery,2026-08-05 13:35:38,,,,Cinere,22220,-
PKG-86E39F,DRV_00,Out for delivery,2026-08-05 13:23:27,,,,Limo,43950,-
PKG-56A450,DRV_15,Out for delivery,2026-08-05 13:31:40,,,,Limo,34592,-
PKG-B756D8,DRV_56,Out for delivery,2026-08-05 12:54:16,,,,Cinere,0,-
PKG-A06DDC,DRV_18,Out for delivery,2026-08-05 12:48:44,,,,Limo,0,-
PKG-ABB90F,DRV_00,Out for delivery,2026-08-05 13:57:44,,,,Limo,0,-
PKG-879995,DRV_23,Out for delivery,2026-08-05 12:59:11,,,,Limo,0,-
PKG-DC326F,DRV_03,Out for delivery,2026-08-05 13:02:20,,,,Cinere,0,-
PKG-204AA7,DRV_32,Out for delivery,2026-08-05 12:54:30,,,,Cinere,91203,-
PKG-59FA18,DRV_29,Out for delivery,2026-08-05 12:48:34,,,,Cinere,28583,-
PKG-E01BC7,DRV_18,Out for delivery,2026-08-05 12:48:44,,,,Limo,0,-
PKG-EB4762,DRV_56,Out for delivery,2026-08-05 12:54:16,,,,Cinere,0,-
PKG-F0A60A,DRV_33,Out for delivery,2026-08-05 13:00:41,,,,Cinere,0,-
PKG-DBA639,DRV_07,Out for delivery,2026-08-05 12:50:53,,,,Cinere,23141,-
PKG-884B1E,DRV_26,Out for delivery,2026-08-05 12:58:52,,,,Cinere,29098,-
PKG-D2816F,DRV_19,Out for delivery,2026-08-05 13:07:00,,,,Limo,20806,-
PKG-CB2081,DRV_29,Out for delivery,2026-08-05 12:48:34,,,,Cinere,15756,-
PKG-C97677,DRV_06,Out for delivery,2026-08-05 13:27:49,,,,Limo,24138,-
PKG-B0FF06,DRV_23,Out for delivery,2026-08-05 12:49:48,,,,Limo,0,-
PKG-6E5E2B,DRV_17,Out for delivery,2026-08-05 13:44:46,,,,Limo,0,-
PKG-2262CF,DRV_31,Out for delivery,2026-08-05 13:22:02,,,,Limo,0,-
PKG-65C372,DRV_36,Out for delivery,2026-08-05 12:52:51,,,,Cinere,0,-
PKG-FAAAEB,DRV_51,Out for delivery,2026-08-05 13:22:46,,,,Cinere,49379,-
PKG-6E23C8,DRV_17,Out for delivery,2026-08-05 13:44:46,,,,Limo,40602,-
PKG-72988D,DRV_00,Out for delivery,2026-08-05 13:57:44,,,,Limo,0,-
PKG-F769E9,DRV_33,Out for delivery,2026-08-05 13:00:41,,,,Cinere,239771,-
PKG-3F005F,DRV_37,Out for delivery,2026-08-05 12:52:20,,,,Limo,0,-
PKG-56BB6D,DRV_38,Out for delivery,2026-08-05 12:50:49,,,,Limo,62115,-
PKG-583E3F,DRV_05,Out for delivery,2026-08-05 13:24:09,,,,Cinere,64430,-
PKG-239BF4,DRV_05,Out for delivery,2026-08-05 13:24:09,,,,Cinere,66287,-
PKG-6817A5,DRV_39,Out for delivery,2026-08-05 13:31:41,,,,Cinere,0,-
PKG-A218D1,DRV_40,Out for delivery,2026-08-05 12:56:37,,,,Limo,0,-
PKG-3FB1ED,DRV_22,Out for delivery,2026-08-05 13:35:38,,,,Limo,0,-
PKG-A80684,DRV_57,Out for delivery,2026-08-05 13:48:11,,,,Cinere,11495,-
PKG-3D8BA5,DRV_56,Out for delivery,2026-08-05 12:54:16,,,,Cinere,26258,-
PKG-56219E,DRV_26,Out for delivery,2026-08-05 07:30:37,,,,Cinere,21564,-
PKG-C31ADE,DRV_05,Out for delivery,2026-08-05 13:24:09,,,,Cinere,0,-
PKG-A57FA8,DRV_32,Out for delivery,2026-08-05 12:54:30,,,,Cinere,132017,-
PKG-9D9BA6,DRV_07,Out for delivery,2026-08-05 12:50:53,,,,Cinere,63653,-
PKG-D5A401,DRV_43,Out for delivery,2026-08-05 12:55:50,,,,Limo,0,-
PKG-E29F2C,DRV_27,Out for delivery,2026-08-05 12:54:55,,,,Limo,0,-
PKG-11CBCC,DRV_51,Out for delivery,2026-08-05 13:22:46,,,,Cinere,37269,-
PKG-CB46EB,DRV_57,Out for delivery,2026-08-05 12:52:50,,,,Cinere,0,-
PKG-1217F5,DRV_18,Out for delivery,2026-08-05 12:48:44,,,,Limo,0,-
PKG-2FB4CC,DRV_39,Out for delivery,2026-08-05 13:31:41,,,,Cinere,27169,-
PKG-898BDC,DRV_27,Out for delivery,2026-08-05 12:54:55,,,,Limo,0,-
PKG-AC5637,DRV_44,Out for delivery,2026-08-05 12:46:51,,,,Cinere,40501,-
PKG-ACABEE,DRV_51,Out for delivery,2026-08-05 13:22:46,,,,Cinere,0,-
PKG-FA34F5,DRV_18,Out for delivery,2026-08-05 12:48:44,,,,Limo,0,-
PKG-CFE338,DRV_13,Out for delivery,2026-08-05 12:45:32,,,,Cinere,46732,-
PKG-7A8258,DRV_17,Out for delivery,2026-08-05 13:44:46,,,,Limo,34492,-
PKG-E79951,DRV_49,Out for delivery,2026-08-05 13:24:16,,,,Limo,0,-
PKG-72AF6B,DRV_03,Out for delivery,2026-08-05 13:02:20,,,,Cinere,0,-
PKG-F3FB7B,DRV_26,Out for delivery,2026-08-05 12:58:52,,,,Cinere,53434,-
PKG-52B9D2,DRV_54,Out for delivery,2026-08-05 13:01:46,,,,Cinere,10931,-
PKG-B042FA,DRV_03,Out for delivery,2026-08-05 13:02:20,,,,Cinere,159075,-
PKG-799768,DRV_24,Out for delivery,2026-08-05 13:01:46,,,,Cinere,7575,-
PKG-85A744,DRV_35,Out for delivery,2026-08-05 12:45:47,,,,Cinere,0,-
PKG-A76BDE,DRV_24,Out for delivery,2026-08-05 13:01:46,,,,Cinere,20199,-
PKG-49DE76,DRV_33,Out for delivery,2026-08-05 13:00:41,,,,Cinere,0,-
PKG-DA0C73,DRV_28,Out for delivery,2026-08-05 13:29:42,,,,Cinere,0,-
PKG-EFC83F,DRV_12,Out for delivery,2026-08-05 13:02:25,,,,Cinere,0,-
PKG-D333FD,DRV_24,Out for delivery,2026-08-05 13:01:46,,,,Cinere,21715,-
PKG-E7FDB4,DRV_15,Out for delivery,2026-08-05 13:31:40,,,,Limo,53957,-
PKG-CEC785,DRV_24,Out for delivery,2026-08-05 13:01:46,,,,Cinere,0,-
PKG-17622E,DRV_44,Out for delivery,2026-08-05 12:46:51,,,,Cinere,0,-
PKG-67AA8E,DRV_24,Out for delivery,2026-08-05 13:01:46,,,,Cinere,0,-
PKG-6C8FDB,DRV_18,Out for delivery,2026-08-05 13:04:40,,,,Limo,0,-
PKG-DE39E9,DRV_15,Out for delivery,2026-08-05 13:31:40,,,,Limo,20200,-
PKG-9CA40F,DRV_12,Out for delivery,2026-08-05 13:02:25,,,,Cinere,0,-
PKG-87606D,DRV_18,Out for delivery,2026-08-05 12:48:44,,,,Limo,0,-
PKG-3E557F,DRV_54,Out for delivery,2026-08-05 13:01:46,,,,Cinere,23734,-
PKG-36B49B,DRV_56,Out for delivery,2026-08-05 12:54:16,,,,Cinere,122209,-
PKG-4C241F,DRV_24,Out for delivery,2026-08-05 13:01:46,,,,Cinere,32724,-
PKG-98F31E,DRV_43,Out for delivery,2026-08-05 12:55:50,,,,Limo,51712,-
PKG-7C5ECE,DRV_25,Out for delivery,2026-08-05 13:13:19,,,,Cinere,20452,-
PKG-8E5879,DRV_37,Out for delivery,2026-08-05 12:52:20,,,,Limo,0,-
PKG-10C9F9,DRV_04,Out for delivery,2026-08-05 13:11:21,,,,Limo,34742,-
PKG-393B95,DRV_17,Out for delivery,2026-08-05 13:44:46,,,,Limo,0,-
PKG-8D74FD,DRV_52,Out for delivery,2026-08-05 12:48:40,,,,Limo,48884,-
PKG-D041B3,DRV_44,Out for delivery,2026-08-05 12:46:51,,,,Cinere,0,-
PKG-039130,DRV_05,Out for delivery,2026-08-05 13:24:09,,,,Cinere,36562,-
PKG-8F40C1,DRV_17,Out for delivery,2026-08-05 07:47:30,,,,Cinere,274821,-
PKG-7D17A0,DRV_17,Out for delivery,2026-08-05 13:44:46,,,,Cinere,92009,-
PKG-3D786B,DRV_28,Out for delivery,2026-08-05 13:11:50,,,,Cinere,0,-
PKG-9E8DCB,DRV_12,Out for delivery,2026-08-05 13:02:25,,,,Cinere,53530,-
PKG-70624D,DRV_32,Out for delivery,2026-08-05 12:54:30,,,,Cinere,0,-
PKG-2EA113,DRV_40,Out for delivery,2026-08-05 13:14:02,,,,Limo,42281,-
PKG-B5FD01,DRV_17,Out for delivery,2026-08-05 13:44:46,,,,Limo,304293,-
PKG-E8FB1D,DRV_44,Out for delivery,2026-08-05 07:30:43,,,,Cinere,47773,-
PKG-97A034,DRV_21,Out for delivery,2026-08-05 13:14:06,,,,Limo,27169,-
PKG-A1B793,DRV_32,Out for delivery,2026-08-05 12:54:30,,,,Cinere,37992,-
PKG-A22B8A,DRV_21,Out for delivery,2026-08-05 07:39:47,,,,Limo,0,-
PKG-450945,DRV_16,Out for delivery,2026-08-05 07:46:43,,,,Limo,18786,-
PKG-7DABE2,DRV_49,Out for delivery,2026-08-05 13:24:16,,,,Limo,0,-
PKG-A3B943,DRV_44,Out for delivery,2026-08-05 12:46:51,,,,Cinere,19999,-
PKG-41EA07,DRV_50,Out for delivery,2026-08-05 12:50:19,,,,Cinere,0,-
PKG-97E23F,DRV_22,Out for delivery,2026-08-05 13:35:38,,,,Cinere,0,-
PKG-C8121B,DRV_03,Out for delivery,2026-08-05 13:02:20,,,,Cinere,0,-
PKG-DE106B,DRV_17,Out for delivery,2026-08-05 13:44:46,,,,Limo,0,-
PKG-5A92A1,DRV_58,Out for delivery,2026-08-05 13:28:56,,,,Limo,10908,-
PKG-647248,DRV_16,Out for delivery,2026-08-05 12:54:24,,,,Limo,45818,-
PKG-F3DAFB,DRV_57,Out for delivery,2026-08-05 12:52:50,,,,Cinere,123866,-
PKG-5E36A2,DRV_47,Out for delivery,2026-08-05 13:10:35,,,,Limo,18180,-
PKG-81470B,DRV_47,Out for delivery,2026-08-05 13:10:35,,,,Limo,0,-
PKG-BE6C79,DRV_35,Out for delivery,2026-08-05 13:26:33,,,,Cinere,0,-
PKG-6BB895,DRV_23,Out for delivery,2026-08-05 12:49:48,,,,Limo,26866,-
PKG-2252B8,DRV_32,Out for delivery,2026-08-05 12:54:30,,,,Cinere,0,-
PKG-2AD09A,DRV_28,Out for delivery,2026-08-05 13:11:50,,,,Cinere,0,-
PKG-3ABD06,DRV_28,Out for delivery,2026-08-05 13:11:50,,,,Cinere,29317,-
PKG-FCD39E,DRV_39,Out for delivery,2026-08-05 13:31:41,,,,Cinere,0,-
PKG-E02F59,DRV_26,Out for delivery,2026-08-05 12:58:52,,,,Cinere,10585,-
PKG-14A106,DRV_51,Out for delivery,2026-08-05 13:22:46,,,,Cinere,0,-
PKG-1FD15C,DRV_32,Out for delivery,2026-08-05 12:54:30,,,,Cinere,69674,-
PKG-86C010,DRV_51,Out for delivery,2026-08-05 13:22:46,,,,Cinere,13574,-
PKG-9551AF,DRV_44,Out for delivery,2026-08-05 12:46:51,,,,Cinere,0,-
PKG-0A6AC5,DRV_28,Out for delivery,2026-08-05 13:11:50,,,,Cinere,0,-
PKG-8B65EA,DRV_00,Out for delivery,2026-08-05 12:42:13,,,,Cinere,0,-
PKG-A0A905,DRV_32,Out for delivery,2026-08-05 12:54:30,,,,Cinere,28179,-
PKG-77B1B3,DRV_51,Out for delivery,2026-08-05 13:22:46,,,,Cinere,394130,-
PKG-D84C4F,DRV_14,Out for delivery,2026-08-05 12:43:53,,,,Cinere,23227,-
PKG-155442,DRV_23,Out for delivery,2026-08-05 12:49:48,,,,Limo,29290,-
PKG-8C719D,DRV_39,Out for delivery,2026-08-05 13:31:41,,,,Cinere,16160,-
PKG-29DD70,DRV_33,Out for delivery,2026-08-05 13:00:41,,,,Cinere,0,-
PKG-F76463,DRV_06,Out for delivery,2026-08-05 13:27:49,,,,Limo,0,-
PKG-945565,DRV_36,Out for delivery,2026-08-05 12:52:51,,,,Cinere,31310,-
PKG-855FA0,DRV_00,Out for delivery,2026-08-05 13:57:44,,,,Limo,10100,-
PKG-0E5F61,DRV_34,Out for delivery,2026-08-05 13:14:02,,,,Limo,0,-
PKG-66BA94,DRV_54,Out for delivery,2026-08-05 13:53:08,,,,Cinere,111605,-
PKG-8F9436,DRV_49,Out for delivery,2026-08-05 13:24:16,,,,Limo,21311,-
PKG-851056,DRV_35,Out for delivery,2026-08-05 12:45:47,,,,Cinere,0,-
PKG-5B451E,DRV_16,Out for delivery,2026-08-05 12:54:24,,,,Limo,49793,-
PKG-C8C6C3,DRV_44,Out for delivery,2026-08-05 13:57:03,,,,Cinere,15150,-
PKG-0F3AE1,DRV_44,Out for delivery,2026-08-05 12:46:51,,,,Cinere,73729,-
PKG-17EAE0,DRV_56,Out for delivery,2026-08-05 12:54:16,,,,Cinere,0,-
PKG-4BF326,DRV_14,Out for delivery,2026-08-05 13:10:24,,,,Cinere,20200,-
PKG-B452C8,DRV_54,Out for delivery,2026-08-05 13:01:46,,,,Cinere,32320,-
PKG-01B1D4,DRV_32,Out for delivery,2026-08-05 12:54:30,,,,Cinere,22332,-
PKG-314347,DRV_14,Out for delivery,2026-08-05 12:43:53,,,,Cinere,17674,-
PKG-960275,DRV_57,Out for delivery,2026-08-05 12:52:50,,,,Cinere,66761,-
PKG-7BB4B6,DRV_13,Out for delivery,2026-08-05 12:45:32,,,,Cinere,18323,-
PKG-1E468C,DRV_16,Out for delivery,2026-08-05 12:54:24,,,,Limo,56003,-
PKG-2A0C8C,DRV_24,Out for delivery,2026-08-05 07:34:07,,,,Cinere,12220,-
PKG-702B86,DRV_39,Out for delivery,2026-08-05 13:31:41,,,,Cinere,0,-
PKG-2495A6,DRV_31,Out for delivery,2026-08-05 13:22:02,,,,Limo,68276,-
PKG-81A16E,DRV_47,Out for delivery,2026-08-05 13:10:35,,,,Limo,53631,-
PKG-D4F40A,DRV_18,Out for delivery,2026-08-05 12:48:44,,,,Limo,47773,-
PKG-A5DB4D,DRV_36,Out for delivery,2026-08-05 12:52:51,,,,Cinere,45551,-
PKG-D1E979,DRV_06,Out for delivery,2026-08-05 13:27:49,,,,Limo,18685,-
PKG-1440A6,DRV_43,Out for delivery,2026-08-05 13:53:14,,,,Limo,64135,-
PKG-658267,DRV_35,Out for delivery,2026-08-05 07:39:10,,,,Cinere,61610,-
PKG-93899B,DRV_13,Out for delivery,2026-08-05 12:45:32,,,,Cinere,0,-
PKG-68DE1E,DRV_54,Out for delivery,2026-08-05 13:01:46,,,,Cinere,18079,-
PKG-62B79F,DRV_56,Out for delivery,2026-08-05 12:54:16,,,,Cinere,20062,-
PKG-90BDE5,DRV_03,Out for delivery,2026-08-05 13:02:20,,,,Cinere,0,-
PKG-D768E8,DRV_22,Out for delivery,2026-08-05 13:35:38,,,,Limo,17978,-
PKG-7D2908,DRV_49,Out for delivery,2026-08-05 13:24:16,,,,Limo,0,-
PKG-04E244,DRV_26,Out for delivery,2026-08-05 12:58:52,,,,Cinere,0,-
PKG-EAB7FD,DRV_16,Out for delivery,2026-08-05 12:54:24,,,,Limo,30096,-
PKG-7F8CAC,DRV_34,Out for delivery,2026-08-05 13:14:02,,,,Limo,0,-
PKG-F51C36,DRV_00,Out for delivery,2026-08-05 13:23:27,,,,Limo,0,-
PKG-456C07,DRV_56,Out for delivery,2026-08-05 12:54:16,,,,Cinere,0,-
PKG-E30DEA,DRV_37,Out for delivery,2026-08-05 12:52:20,,,,Limo,121099,-
PKG-3B5FAD,DRV_24,Out for delivery,2026-08-05 07:34:07,,,,Cinere,26967,-
PKG-8492A0,DRV_32,Out for delivery,2026-08-05 12:54:30,,,,Cinere,9089,-
PKG-936973,DRV_03,Out for delivery,2026-08-05 13:02:20,,,,Cinere,135884,-
PKG-959C14,DRV_36,Out for delivery,2026-08-05 07:44:21,,,,Cinere,48808,-
PKG-0C5A6A,DRV_39,Out for delivery,2026-08-05 13:31:41,,,,Cinere,0,-
PKG-757C32,DRV_44,Out for delivery,2026-08-05 12:47:31,,,,Cinere,13130,-
PKG-7EF96E,DRV_21,Out for delivery,2026-08-05 12:53:50,,,,Limo,26159,-
PKG-A4DBC4,DRV_35,Out for delivery,2026-08-05 12:45:47,,,,Cinere,0,-
PKG-B05EF0,DRV_18,Out for delivery,2026-08-05 12:48:44,,,,Limo,0,-
PKG-D8E70B,DRV_34,Out for delivery,2026-08-05 13:14:02,,,,Limo,0,-
PKG-D047F8,DRV_39,Out for delivery,2026-08-05 13:31:41,,,,Cinere,0,-
PKG-C96756,DRV_17,Out for delivery,2026-08-05 13:44:46,,,,Limo,0,-
PKG-F33302,DRV_51,Out for delivery,2026-08-05 13:22:46,,,,Cinere,0,-
PKG-DDF1FB,DRV_12,Out for delivery,2026-08-05 13:02:25,,,,Cinere,75548,-
PKG-5CC70F,DRV_45,Out for delivery,2026-08-05 13:31:27,,,,Limo,0,-
PKG-0E8B54,DRV_24,Out for delivery,2026-08-05 13:01:46,,,,Cinere,0,-
PKG-AED39B,DRV_31,Out for delivery,2026-08-05 13:22:02,,,,Limo,13625,-
PKG-4898FD,DRV_12,Out for delivery,2026-08-05 13:02:25,,,,Cinere,19415,-
PKG-EBD5D4,DRV_57,Out for delivery,2026-08-05 12:52:50,,,,Cinere,15149,-
PKG-39C130,DRV_04,Out for delivery,2026-08-05 13:11:21,,,,Limo,0,-
PKG-C58D5D,DRV_33,Out for delivery,2026-08-05 13:00:41,,,,Cinere,0,-
PKG-2D22E2,DRV_32,Out for delivery,2026-08-05 12:54:30,,,,Cinere,52697,-
PKG-27563C,DRV_45,Out for delivery,2026-08-05 13:31:27,,,,Limo,23988,-
PKG-EB9AEC,DRV_18,Out for delivery,2026-08-05 12:48:44,,,,Limo,0,-
PKG-3A7899,DRV_46,Out for delivery,2026-08-05 13:08:59,,,,Cinere,71563,-
PKG-A75B56,DRV_14,Out for delivery,2026-08-05 13:08:20,,,,Cinere,13635,-
PKG-1DAD1E,DRV_03,Out for delivery,2026-08-05 13:02:20,,,,Cinere,0,-
PKG-C6EEEF,DRV_22,Out for delivery,2026-08-05 13:35:38,,,,Limo,101404,-
PKG-A1BB64,DRV_34,Out for delivery,2026-08-05 13:14:02,,,,Limo,27775,-
PKG-B20D33,DRV_34,Out for delivery,2026-08-05 13:14:02,,,,Limo,27775,-
PKG-1C1929,DRV_34,Out for delivery,2026-08-05 13:14:02,,,,Limo,27775,-
PKG-D08B5D,DRV_34,Out for delivery,2026-08-05 13:14:02,,,,Limo,27775,-
PKG-B98286,DRV_38,Out for delivery,2026-08-05 12:50:49,,,,Limo,101,-
PKG-090217,DRV_23,Out for delivery,2026-08-05 12:49:48,,,,Limo,62686,-
PKG-57410D,DRV_44,Out for delivery,2026-08-05 12:46:51,,,,Cinere,0,-
PKG-160F81,DRV_39,Out for delivery,2026-08-05 13:31:41,,,,Cinere,19190,-
PKG-9A43A8,DRV_00,Out for delivery,2026-08-05 13:57:44,,,,Limo,30891,-
PKG-DF6245,DRV_26,Out for delivery,2026-08-05 12:58:52,,,,Cinere,34340,-
PKG-E42F2C,DRV_27,Out for delivery,2026-08-05 13:30:12,,,,Limo,19190,-
PKG-A0E7D3,DRV_49,Out for delivery,2026-08-05 13:24:16,,,,Limo,28179,-
PKG-6FA86C,DRV_21,Out for delivery,2026-08-05 12:53:50,,,,Limo,0,-
PKG-A6E13E,DRV_44,Out for delivery,2026-08-05 12:46:51,,,,Cinere,29997,-
PKG-0FB743,DRV_35,Out for delivery,2026-08-05 07:39:10,,,,Cinere,20717,-
PKG-885412,DRV_00,Out for delivery,2026-08-05 13:57:44,,,,Limo,0,-
PKG-524FB2,DRV_39,Out for delivery,2026-08-05 13:31:41,,,,Cinere,40122,-
PKG-7FF831,DRV_24,Out for delivery,2026-08-05 13:01:46,,,,Cinere,0,-
PKG-5B8C06,DRV_56,Out for delivery,2026-08-05 12:54:16,,,,Cinere,50056,-
PKG-0D9278,DRV_12,Out for delivery,2026-08-05 13:02:25,,,,Cinere,0,-
PKG-B8DC13,DRV_58,Out for delivery,2026-08-05 13:28:56,,,,Limo,67771,-
PKG-90EDBC,DRV_19,Out for delivery,2026-08-05 13:07:00,,,,Limo,116150,-
PKG-177081,DRV_29,Out for delivery,2026-08-05 12:48:34,,,,Cinere,0,-
PKG-05DF23,DRV_28,Out for delivery,2026-08-05 13:11:50,,,,Cinere,0,-
PKG-DE67A3,DRV_52,Out for delivery,2026-08-05 12:48:40,,,,Limo,0,-
PKG-D41533,DRV_44,Out for delivery,2026-08-05 12:46:51,,,,Cinere,36629,-
PKG-BD8A15,DRV_56,Out for delivery,2026-08-05 12:54:16,,,,Cinere,0,-
PKG-E0F3A1,DRV_20,Out for delivery,2026-08-05 13:21:02,,,,Limo,24187,-
PKG-2F28A6,DRV_20,Out for delivery,2026-08-05 13:21:02,,,,Limo,0,-
PKG-045E4D,DRV_19,Out for delivery,2026-08-05 13:11:08,,,,Limo,116150,-
PKG-7C540B,DRV_19,Out for delivery,2026-08-05 13:11:08,,,,Limo,116150,-
PKG-5A85C6,DRV_14,Out for delivery,2026-08-05 12:43:53,,,,Cinere,23682,-
PKG-D2F95A,DRV_58,Out for delivery,2026-08-05 13:28:56,,,,Limo,0,-
PKG-AB707F,DRV_23,Out for delivery,2026-08-05 12:49:48,,,,Limo,22119,-
PKG-9CDD17,DRV_15,Out for delivery,2026-08-05 13:31:40,,,,Limo,0,-
PKG-837F69,DRV_54,Out for delivery,2026-08-05 13:01:46,,,,Cinere,0,-
PKG-1FF30A,DRV_17,Out for delivery,2026-08-05 13:44:46,,,,Limo,0,-
PKG-2FB976,DRV_18,Out for delivery,2026-08-05 12:48:44,,,,Limo,68276,-
PKG-A8B4B1,DRV_36,Out for delivery,2026-08-05 12:52:51,,,,Cinere,0,-
PKG-909250,DRV_16,Out for delivery,2026-08-05 13:03:51,,,,Limo,31209,-
PKG-4999D7,DRV_33,Out for delivery,2026-08-05 13:00:41,,,,Cinere,54742,-
PKG-557EE3,DRV_00,Out for delivery,2026-08-05 13:57:44,,,,Limo,0,-
PKG-71E1A7,DRV_04,Out for delivery,2026-08-05 13:11:21,,,,Limo,0,-
PKG-F72CA9,DRV_15,Out for delivery,2026-08-05 08:18:32,,,,Limo,21672,-
PKG-2EDD7E,DRV_39,Out for delivery,2026-08-05 13:31:41,,,,Cinere,33734,-
PKG-FCDD4F,DRV_44,Out for delivery,2026-08-05 12:46:51,,,,Cinere,74992,-
PKG-157A65,DRV_26,Out for delivery,2026-08-05 12:58:52,,,,Cinere,0,-
PKG-97C8F0,DRV_37,Out for delivery,2026-08-05 12:52:20,,,,Limo,13778,-
PKG-51AE1B,DRV_11,Out for delivery,2026-08-05 12:46:00,,,,Limo,31815,-
PKG-4118CD,DRV_43,Out for delivery,2026-08-05 13:53:14,,,,Limo,16968,-
PKG-1CAACA,DRV_26,Out for delivery,2026-08-05 12:58:52,,,,Cinere,62418,-
PKG-AA9CF5,DRV_58,Out for delivery,2026-08-05 13:28:56,,,,Limo,29756,-
PKG-BC9889,DRV_32,Out for delivery,2026-08-05 12:54:30,,,,Cinere,0,-
PKG-7D1F30,DRV_30,Out for delivery,2026-08-05 13:02:29,,,,Limo,0,-
PKG-C344DE,DRV_26,Out for delivery,2026-08-05 12:58:52,,,,Cinere,40136,-
PKG-A768CD,DRV_57,Out for delivery,2026-08-05 12:52:50,,,,Cinere,12365,-
PKG-DD7DC5,DRV_49,Out for delivery,2026-08-05 13:24:16,,,,Limo,0,-
PKG-B5E03F,DRV_19,Out for delivery,2026-08-05 13:07:00,,,,Limo,126515,-
PKG-E8A725,DRV_03,Out for delivery,2026-08-05 13:02:20,,,,Cinere,0,-
PKG-64B4A5,DRV_32,Out for delivery,2026-08-05 12:54:30,,,,Cinere,19694,-
PKG-1C85C7,DRV_54,Out for delivery,2026-08-05 07:23:34,,,,Cinere,45450,-
PKG-A4F496,DRV_32,Out for delivery,2026-08-05 12:54:30,,,,Cinere,0,-
PKG-E0180E,DRV_57,Out for delivery,2026-08-05 13:48:11,,,,Cinere,32824,-
PKG-24CAB2,DRV_44,Out for delivery,2026-08-05 12:46:51,,,,Cinere,24977,-
PKG-33D943,DRV_51,Out for delivery,2026-08-05 13:22:46,,,,Cinere,0,-
PKG-146EDF,DRV_23,Out for delivery,2026-08-05 12:49:48,,,,Limo,18028,-
PKG-6440DE,DRV_45,Out for delivery,2026-08-05 13:31:27,,,,Limo,21008,-
PKG-41A1C1,DRV_00,Out for delivery,2026-08-05 12:42:13,,,,Cinere,47339,-
PKG-00012E,DRV_15,Out for delivery,2026-08-05 13:31:40,,,,Limo,11031,-
PKG-D11F5B,DRV_57,Out for delivery,2026-08-05 13:48:11,,,,Cinere,86749,-
PKG-95F34A,DRV_16,Out for delivery,2026-08-05 12:54:24,,,,Limo,49336,-
PKG-347343,DRV_04,Out for delivery,2026-08-05 13:11:21,,,,Limo,19796,-
PKG-0234F1,DRV_21,Out for delivery,2026-08-05 12:53:50,,,,Limo,13928,-
PKG-D87EF6,DRV_31,Out for delivery,2026-08-05 13:22:02,,,,Limo,35973,-
PKG-900A58,DRV_52,Out for delivery,2026-08-05 12:48:40,,,,Limo,157560,-
PKG-CFCFC0,DRV_21,Out for delivery,2026-08-05 12:53:50,,,,Limo,23401,-
PKG-1EB509,DRV_43,Out for delivery,2026-08-05 13:53:14,,,,Limo,0,-
PKG-737288,DRV_00,Out for delivery,2026-08-05 13:23:27,,,,Limo,0,-
PKG-8CDBB7,DRV_44,Out for delivery,2026-08-05 12:46:51,,,,Cinere,0,-
PKG-DAE71F,DRV_32,Out for delivery,2026-08-05 12:54:30,,,,Cinere,26260,-
PKG-282621,DRV_15,Out for delivery,2026-08-05 13:31:40,,,,Limo,24139,-
PKG-BA9D67,DRV_50,Out for delivery,2026-08-05 12:50:19,,,,Cinere,0,-
PKG-21249E,DRV_21,Out for delivery,2026-08-05 12:53:50,,,,Limo,9089,-
PKG-9200C2,DRV_29,Out for delivery,2026-08-05 13:50:29,,,,Cinere,118372,-
PKG-61A6FB,DRV_03,Out for delivery,2026-08-05 13:02:20,,,,Cinere,43632,-
PKG-557B2C,DRV_14,Out for delivery,2026-08-05 13:08:20,,,,Cinere,28028,-
PKG-D09905,DRV_31,Out for delivery,2026-08-05 13:22:02,,,,Limo,29684,-
PKG-8A4FDE,DRV_19,Out for delivery,2026-08-05 13:07:00,,,,Limo,26369,-
PKG-81BF4B,DRV_28,Out for delivery,2026-08-05 13:11:50,,,,Cinere,32063,-
PKG-72A8EB,DRV_27,Out for delivery,2026-08-05 12:54:55,,,,Limo,15073,-
PKG-E3882A,DRV_52,Out for delivery,2026-08-05 12:48:40,,,,Limo,0,-
PKG-24DAF6,DRV_05,Out for delivery,2026-08-05 13:24:09,,,,Cinere,0,-
PKG-3CF090,DRV_15,Out for delivery,2026-08-05 13:31:40,,,,Limo,0,-
PKG-4EA021,DRV_25,Out for delivery,2026-08-05 13:13:19,,,,Cinere,0,-
PKG-A89F03,DRV_37,Out for delivery,2026-08-05 12:52:20,,,,Limo,8080,-
PKG-ECB356,DRV_19,Out for delivery,2026-08-05 13:07:00,,,,Limo,27876,-
PKG-F37548,DRV_12,Out for delivery,2026-08-05 13:02:25,,,,Cinere,0,-
PKG-71AFDD,DRV_07,Out for delivery,2026-08-05 13:11:27,,,,Cinere,21210,-
PKG-655213,DRV_46,Out for delivery,2026-08-05 13:40:56,,,,Cinere,0,-
PKG-AAAF05,DRV_24,Out for delivery,2026-08-05 13:01:46,,,,Cinere,0,-
PKG-C2931F,DRV_28,Out for delivery,2026-08-05 13:11:50,,,,Cinere,0,-
PKG-1D32EA,DRV_05,Out for delivery,2026-08-05 13:24:09,,,,Cinere,7575,-
PKG-2F2247,DRV_00,Out for delivery,2026-08-05 12:42:13,,,,Cinere,23903,-
PKG-EA9436,DRV_11,Out for delivery,2026-08-05 12:46:00,,,,Limo,0,-
PKG-440BB2,DRV_43,Out for delivery,2026-08-05 12:55:50,,,,Limo,0,-
PKG-8C7A87,DRV_07,Out for delivery,2026-08-05 12:50:53,,,,Cinere,0,-
PKG-6398E1,DRV_54,Out for delivery,2026-08-05 13:01:46,,,,Cinere,0,-
PKG-E9C77F,DRV_56,Out for delivery,2026-08-05 07:22:52,,,,Cinere,11109,-
PKG-2B6CEF,DRV_07,Out for delivery,2026-08-05 12:50:53,,,,Cinere,0,-
PKG-98D123,DRV_47,Out for delivery,2026-08-05 13:10:35,,,,Limo,0,-
PKG-79BA92,DRV_38,Out for delivery,2026-08-05 12:50:49,,,,Limo,14361,-
PKG-30FE2F,DRV_50,Out for delivery,2026-08-05 12:50:19,,,,Cinere,41409,-
PKG-56DBA2,DRV_38,Out for delivery,2026-08-05 13:37:19,,,,Limo,27270,-
PKG-93385D,DRV_33,Out for delivery,2026-08-05 13:00:41,,,,Cinere,54639,-
PKG-88E2E6,DRV_26,Out for delivery,2026-08-05 12:58:52,,,,Cinere,8016,-
PKG-E63D9C,DRV_27,Out for delivery,2026-08-05 12:54:55,,,,Limo,0,-
PKG-B1A780,DRV_58,Out for delivery,2026-08-05 13:28:56,,,,Limo,62013,-
PKG-13168B,DRV_50,Out for delivery,2026-08-05 12:50:19,,,,Cinere,0,-
PKG-9C3B3C,DRV_23,Out for delivery,2026-08-05 12:49:48,,,,Limo,61813,-
PKG-4FEC47,DRV_00,Out for delivery,2026-08-05 12:58:40,,,,Limo,196638,-
PKG-6E2189,DRV_00,Out for delivery,2026-08-05 13:57:44,,,,Limo,44480,-
PKG-E91E59,DRV_57,Out for delivery,2026-08-05 12:52:50,,,,Cinere,20074,-
PKG-352A10,DRV_07,Out for delivery,2026-08-05 12:50:53,,,,Cinere,26260,-
PKG-7B926B,DRV_27,Out for delivery,2026-08-05 13:13:44,,,,Limo,0,-
PKG-9CCAE3,DRV_35,Out for delivery,2026-08-05 13:06:00,,,,Cinere,0,-
PKG-D2C121,DRV_45,Out for delivery,2026-08-05 13:31:27,,,,Limo,44966,-
PKG-B4E48C,DRV_33,Out for delivery,2026-08-05 07:45:47,,,,Cinere,26260,-
PKG-A425B6,DRV_35,Out for delivery,2026-08-05 13:06:02,,,,Cinere,0,-
PKG-6EE0F9,DRV_21,Out for delivery,2026-08-05 12:53:50,,,,Limo,0,-
PKG-8C2C44,DRV_23,Out for delivery,2026-08-05 12:59:11,,,,Limo,27140,-
PKG-D0EC3A,DRV_50,Out for delivery,2026-08-05 12:50:19,,,,Cinere,0,-
PKG-DEF6EB,DRV_27,Out for delivery,2026-08-05 12:54:55,,,,Limo,0,-
PKG-13F2D3,DRV_24,Out for delivery,2026-08-05 13:01:46,,,,Cinere,54136,-
PKG-2F9B94,DRV_44,Out for delivery,2026-08-05 12:46:51,,,,Cinere,14599,-
PKG-16F590,DRV_40,Out for delivery,2026-08-05 12:56:37,,,,Limo,0,-
PKG-63A313,DRV_32,Out for delivery,2026-08-05 12:54:30,,,,Cinere,0,-
PKG-F47F55,DRV_40,Out for delivery,2026-08-05 12:56:37,,,,Limo,31672,-
PKG-F1483E,DRV_51,Out for delivery,2026-08-05 13:22:46,,,,Cinere,117261,-
PKG-7FCEF4,DRV_38,Out for delivery,2026-08-05 13:37:19,,,,Limo,10605,-
PKG-3F33C9,DRV_00,Out for delivery,2026-08-05 13:23:27,,,,Limo,30299,-
PKG-B3C5CF,DRV_38,Out for delivery,2026-08-05 13:37:19,,,,Limo,0,-
PKG-3852F7,DRV_38,Out for delivery,2026-08-05 12:50:49,,,,Limo,0,-
PKG-65A926,DRV_06,Out for delivery,2026-08-05 13:27:49,,,,Limo,23230,-
PKG-BD9DCA,DRV_33,Out for delivery,2026-08-05 13:00:41,,,,Cinere,13128,-
PKG-A81D45,DRV_15,Out for delivery,2026-08-05 13:31:40,,,,Limo,0,-
PKG-E61A9D,DRV_17,Out for delivery,2026-08-05 13:44:46,,,,Limo,0,-
PKG-D9CC35,DRV_16,Out for delivery,2026-08-05 12:54:24,,,,Limo,64640,-
PKG-5E0B95,DRV_44,Out for delivery,2026-08-05 12:46:51,,,,Cinere,0,-
PKG-EE4CF0,DRV_37,Out for delivery,2026-08-05 12:52:20,,,,Limo,23060,-
PKG-A5DED3,DRV_16,Out for delivery,2026-08-05 12:54:24,,,,Limo,0,-
PKG-D7881A,DRV_18,Out for delivery,2026-08-05 12:48:44,,,,Limo,0,-
PKG-953B2F,DRV_56,Out for delivery,2026-08-05 12:54:16,,,,Cinere,96259,-
PKG-266DD4,DRV_24,Out for delivery,2026-08-05 13:01:46,,,,Cinere,189870,-
PKG-B79DB6,DRV_39,Out for delivery,2026-08-05 13:31:41,,,,Cinere,41510,-
PKG-639A47,DRV_05,Out for delivery,2026-08-05 13:24:09,,,,Cinere,105176,-
PKG-B001A8,DRV_35,Out for delivery,2026-08-05 12:46:01,,,,Cinere,35855,-
PKG-509632,DRV_17,Out for delivery,2026-08-05 13:44:46,,,,Limo,0,-
PKG-92D349,DRV_18,Out for delivery,2026-08-05 12:55:05,,,,Limo,0,-
PKG-138490,DRV_21,Out for delivery,2026-08-05 12:53:50,,,,Limo,39911,-
PKG-D8CF6E,DRV_00,Out for delivery,2026-08-05 13:23:27,,,,Limo,114836,-
PKG-2E052F,DRV_58,Out for delivery,2026-08-05 13:28:56,,,,Limo,0,-
PKG-1B1AB5,DRV_14,Out for delivery,2026-08-05 12:43:53,,,,Cinere,20698,-
PKG-AAF8B7,DRV_57,Out for delivery,2026-08-05 12:52:50,,,,Cinere,42400,-
PKG-285F4D,DRV_12,Out for delivery,2026-08-05 13:02:25,,,,Cinere,31208,-
PKG-E71B3C,DRV_36,Out for delivery,2026-08-05 12:52:51,,,,Cinere,0,-
PKG-600DFA,DRV_06,Out for delivery,2026-08-05 13:27:49,,,,Limo,18084,-
PKG-6F5E21,DRV_31,Out for delivery,2026-08-05 13:22:02,,,,Limo,10509,-
PKG-E4E247,DRV_54,Out for delivery,2026-08-05 13:01:46,,,,Cinere,0,-
PKG-61543C,DRV_40,Out for delivery,2026-08-05 07:54:46,,,,Limo,11715,-
PKG-9FD9DB,DRV_35,Out for delivery,2026-08-05 13:06:01,,,,Cinere,35754,-
PKG-F8C58D,DRV_44,Out for delivery,2026-08-05 12:46:51,,,,Cinere,140507,-
PKG-FB2C3A,DRV_12,Out for delivery,2026-08-05 08:02:36,,,,Cinere,54708,-
PKG-9EF203,DRV_28,Out for delivery,2026-08-05 13:11:50,,,,Cinere,0,-
PKG-B0915A,DRV_38,Out for delivery,2026-08-05 12:50:49,,,,Limo,0,-
PKG-12696D,DRV_21,Out for delivery,2026-08-05 12:53:50,,,,Limo,24745,-
PKG-7FA851,DRV_30,Out for delivery,2026-08-05 13:02:29,,,,Limo,106631,-
PKG-1508E6,DRV_24,Out for delivery,2026-08-05 07:34:07,,,,Cinere,12725,-
PKG-459F53,DRV_58,Out for delivery,2026-08-05 13:28:56,,,,Limo,0,-
PKG-1D236D,DRV_45,Out for delivery,2026-08-05 13:31:27,,,,Limo,14383,-
PKG-ACB0B2,DRV_18,Out for delivery,2026-08-05 12:48:44,,,,Limo,0,-
PKG-929A1C,DRV_14,Out for delivery,2026-08-05 12:43:53,,,,Cinere,0,-
PKG-FC5AE4,DRV_07,Out for delivery,2026-08-05 12:50:53,,,,Cinere,22724,-
PKG-C979E8,DRV_40,Out for delivery,2026-08-05 12:56:37,,,,Limo,0,-
PKG-D810A0,DRV_40,Out for delivery,2026-08-05 12:56:37,,,,Limo,0,-
PKG-2E9031,DRV_26,Out for delivery,2026-08-05 12:58:52,,,,Cinere,37370,-
PKG-57C959,DRV_00,Out for delivery,2026-08-05 07:29:07,,,,Cinere,36259,-
PKG-C0D725,DRV_58,Out for delivery,2026-08-05 13:28:56,,,,Limo,0,-
PKG-7B7268,DRV_17,Out for delivery,2026-08-05 13:44:46,,,,Limo,0,-
PKG-4075A8,DRV_35,Out for delivery,2026-08-05 12:45:47,,,,Cinere,114635,-
PKG-89F57F,DRV_58,Out for delivery,2026-08-05 13:28:56,,,,Limo,37232,-
PKG-6A6698,DRV_18,Out for delivery,2026-08-05 12:48:44,,,,Limo,0,-
PKG-38055F,DRV_23,Out for delivery,2026-08-05 12:49:48,,,,Limo,88274,-
PKG-EB79C9,DRV_52,Out for delivery,2026-08-05 12:48:40,,,,Limo,39491,-
PKG-F4E3FA,DRV_47,Out for delivery,2026-08-05 13:10:35,,,,Limo,0,-
PKG-1A8BE9,DRV_15,Out for delivery,2026-08-05 13:31:40,,,,Limo,26866,-
PKG-2A2EA2,DRV_12,Out for delivery,2026-08-05 13:02:25,,,,Cinere,17675,-
PKG-41EB99,DRV_43,Out for delivery,2026-08-05 12:55:50,,,,Limo,31512,-
PKG-AC4856,DRV_45,Out for delivery,2026-08-05 13:31:27,,,,Limo,75750,-
PKG-12D6AA,DRV_20,Out for delivery,2026-08-05 13:21:02,,,,Limo,0,-
PKG-944903,DRV_34,Out for delivery,2026-08-05 13:51:54,,,,Limo,62013,-
PKG-034516,DRV_27,Out for delivery,2026-08-05 12:54:55,,,,Limo,52636,-
PKG-BA4963,DRV_45,Out for delivery,2026-08-05 13:31:27,,,,Limo,0,-
PKG-56F6F2,DRV_29,Out for delivery,2026-08-05 12:48:34,,,,Cinere,0,-
PKG-11EDA3,DRV_27,Out for delivery,2026-08-05 12:54:55,,,,Limo,0,-
PKG-A1CEE6,DRV_00,Out for delivery,2026-08-05 13:57:44,,,,Limo,48444,-
PKG-C08C1D,DRV_14,Out for delivery,2026-08-05 12:43:53,,,,Cinere,73831,-
PKG-B586DA,DRV_44,Out for delivery,2026-08-05 12:46:51,,,,Cinere,0,-
PKG-6A6222,DRV_57,Out for delivery,2026-08-05 12:52:50,,,,Cinere,56671,-
PKG-8210E8,DRV_44,Out for delivery,2026-08-05 12:46:51,,,,Cinere,44645,-
PKG-366615,DRV_37,Out for delivery,2026-08-05 12:52:20,,,,Limo,0,-
PKG-2CB849,DRV_12,Out for delivery,2026-08-05 13:02:25,,,,Cinere,21714,-
PKG-B5B07C,DRV_22,Out for delivery,2026-08-05 13:35:38,,,,Limo,0,-
PKG-5CB9EF,DRV_14,Out for delivery,2026-08-05 12:43:53,,,,Cinere,0,-
PKG-C6698A,DRV_58,Out for delivery,2026-08-05 13:28:56,,,,Limo,0,-
PKG-EB41D2,DRV_14,Out for delivery,2026-08-05 12:43:53,,,,Cinere,0,-
PKG-FFB83F,DRV_27,Out for delivery,2026-08-05 12:54:55,,,,Limo,0,-
PKG-B31211,DRV_40,Out for delivery,2026-08-05 12:56:37,,,,Limo,60954,-
PKG-B55955,DRV_18,Out for delivery,2026-08-05 12:48:44,,,,Limo,0,-
PKG-CE41C6,DRV_03,Out for delivery,2026-08-05 13:02:20,,,,Cinere,0,-
PKG-CBC12F,DRV_17,Out for delivery,2026-08-05 07:47:30,,,,Cinere,195980,-
PKG-9AF419,DRV_21,Out for delivery,2026-08-05 12:53:50,,,,Limo,77378,-
PKG-55D3BE,DRV_18,Out for delivery,2026-08-05 12:48:44,,,,Limo,0,-
PKG-391220,DRV_37,Out for delivery,2026-08-05 12:52:20,,,,Limo,41410,-
PKG-764A89,DRV_26,Out for delivery,2026-08-05 12:58:52,,,,Cinere,131421,-
PKG-42AE9B,DRV_40,Out for delivery,2026-08-05 12:56:37,,,,Limo,0,-
PKG-26644A,DRV_58,Out for delivery,2026-08-05 13:28:56,,,,Limo,20705,-
PKG-4D14CC,DRV_44,Out for delivery,2026-08-05 12:46:51,,,,Cinere,0,-
PKG-99DB2A,DRV_44,Out for delivery,2026-08-05 12:46:51,,,,Cinere,0,-
PKG-930D25,DRV_30,Out for delivery,2026-08-05 13:02:29,,,,Limo,23634,-
PKG-FCDBC3,DRV_39,Out for delivery,2026-08-05 13:31:41,,,,Cinere,0,-
PKG-D6754D,DRV_14,Out for delivery,2026-08-05 12:43:53,,,,Cinere,98096,-
PKG-325DC2,DRV_52,Out for delivery,2026-08-05 12:48:40,,,,Limo,31208,-
PKG-13A94B,DRV_24,Out for delivery,2026-08-05 13:01:46,,,,Cinere,0,-
PKG-ED107E,DRV_26,Out for delivery,2026-08-05 12:58:52,,,,Cinere,15059,-
PKG-AFD758,DRV_13,Out for delivery,2026-08-05 12:45:32,,,,Cinere,0,-
PKG-E67C8E,DRV_44,Out for delivery,2026-08-05 12:46:51,,,,Cinere,122949,-
PKG-AFD7DE,DRV_04,Out for delivery,2026-08-05 13:11:21,,,,Limo,26375,-
PKG-EB26A1,DRV_00,Out for delivery,2026-08-05 13:23:27,,,,Limo,0,-
PKG-DBC78E,DRV_14,Out for delivery,2026-08-05 12:43:53,,,,Cinere,23371,-
PKG-B355FF,DRV_13,Out for delivery,2026-08-05 12:45:32,,,,Cinere,13130,-
PKG-99DB6C,DRV_50,Out for delivery,2026-08-05 12:50:19,,,,Cinere,0,-
PKG-1E875B,DRV_31,Out for delivery,2026-08-05 13:22:02,,,,Limo,47773,-
PKG-AC4D17,DRV_18,Out for delivery,2026-08-05 13:02:27,,,,Limo,0,-
PKG-EA5A51,DRV_04,Out for delivery,2026-08-05 13:11:21,,,,Limo,0,-
PKG-65D6A2,DRV_06,Out for delivery,2026-08-05 13:27:49,,,,Limo,36691,-
PKG-8D6061,DRV_00,Out for delivery,2026-08-05 13:23:27,,,,Limo,0,-
PKG-59EA08,DRV_36,Out for delivery,2026-08-05 07:44:21,,,,Cinere,14746,-
PKG-65E9E5,DRV_05,Out for delivery,2026-08-05 13:24:09,,,,Cinere,14340,-
PKG-2B5DDA,DRV_03,Out for delivery,2026-08-05 13:02:20,,,,Cinere,0,-
PKG-9C6E3A,DRV_24,Out for delivery,2026-08-05 13:01:46,,,,Cinere,39048,-
PKG-850413,DRV_00,Out for delivery,2026-08-05 13:23:27,,,,Limo,0,-
PKG-808B9B,DRV_12,Out for delivery,2026-08-05 13:02:25,,,,Cinere,0,-
PKG-614D98,DRV_32,Out for delivery,2026-08-05 12:54:30,,,,Cinere,29290,-
PKG-5C5C7D,DRV_14,Out for delivery,2026-08-05 12:43:53,,,,Cinere,88436,-
PKG-9BFFCD,DRV_14,Out for delivery,2026-08-05 12:43:53,,,,Cinere,44137,-
PKG-595BA5,DRV_43,Out for delivery,2026-08-05 12:55:50,,,,Limo,0,-
PKG-C8A37E,DRV_38,Out for delivery,2026-08-05 12:50:49,,,,Limo,0,-
PKG-6210C9,DRV_16,Out for delivery,2026-08-05 12:54:24,,,,Limo,49893,-
PKG-674AC9,DRV_37,Out for delivery,2026-08-05 12:52:20,,,,Limo,5808,-
PKG-3B0C18,DRV_40,Out for delivery,2026-08-05 12:56:37,,,,Limo,19062,-
PKG-4BF093,DRV_29,Out for delivery,2026-08-05 12:48:34,,,,Cinere,26179,-
PKG-CC0FA7,DRV_38,Out for delivery,2026-08-05 07:53:15,,,,Limo,42218,-
PKG-46D59B,DRV_46,Out for delivery,2026-08-05 13:38:56,,,,Cinere,0,-
PKG-9E48A0,DRV_23,Out for delivery,2026-08-05 12:49:48,,,,Limo,0,-
PKG-37B6A5,DRV_49,Out for delivery,2026-08-05 13:24:16,,,,Limo,15211,-
PKG-A40A4B,DRV_25,Out for delivery,2026-08-05 13:13:19,,,,Cinere,24998,-
PKG-C4C88F,DRV_16,Out for delivery,2026-08-05 12:54:24,,,,Limo,46662,-
PKG-ACCDB5,DRV_25,Out for delivery,2026-08-05 13:13:19,,,,Cinere,0,-
PKG-D47E74,DRV_23,Out for delivery,2026-08-05 12:49:48,,,,Limo,46662,-
PKG-B6633D,DRV_13,Out for delivery,2026-08-05 12:45:32,,,,Cinere,307453,-
PKG-05197F,DRV_27,Out for delivery,2026-08-05 12:54:55,,,,Limo,20999,-
PKG-70DABC,DRV_46,Out for delivery,2026-08-05 13:25:11,,,,Cinere,30512,-
PKG-613BAA,DRV_51,Out for delivery,2026-08-05 13:22:46,,,,Cinere,8852,-
PKG-CA8431,DRV_18,Out for delivery,2026-08-05 12:57:48,,,,Limo,0,-
PKG-30AD15,DRV_31,Out for delivery,2026-08-05 13:22:02,,,,Limo,93087,-
PKG-83BE19,DRV_37,Out for delivery,2026-08-05 12:52:20,,,,Limo,0,-
PKG-B47F5B,DRV_40,Out for delivery,2026-08-05 12:56:37,,,,Limo,0,-
PKG-63611B,DRV_40,Out for delivery,2026-08-05 13:29:33,,,,Limo,25255,-
PKG-8BF984,DRV_24,Out for delivery,2026-08-05 07:34:07,,,,Cinere,64636,-
PKG-63165D,DRV_07,Out for delivery,2026-08-05 12:50:53,,,,Cinere,12070,-
PKG-A2CBD4,DRV_19,Out for delivery,2026-08-05 13:07:00,,,,Limo,12070,-
PKG-29D64B,DRV_28,Out for delivery,2026-08-05 13:11:50,,,,Cinere,23129,-
PKG-7366FB,DRV_56,Out for delivery,2026-08-05 12:54:16,,,,Cinere,0,-
PKG-E19323,DRV_34,Out for delivery,2026-08-05 13:14:02,,,,Limo,0,-
PKG-F646FB,DRV_04,Out for delivery,2026-08-05 13:11:21,,,,Limo,27068,-
PKG-FB3519,DRV_52,Out for delivery,2026-08-05 12:48:40,,,,Limo,0,-
PKG-3DC5C1,DRV_07,Out for delivery,2026-08-05 12:50:53,,,,Cinere,15256,-
PKG-344213,DRV_22,Out for delivery,2026-08-05 13:35:38,,,,Limo,0,-
PKG-AF3596,DRV_03,Out for delivery,2026-08-05 13:02:20,,,,Cinere,0,-
PKG-ACCF3E,DRV_11,Out for delivery,2026-08-05 13:06:49,,,,Limo,0,-
PKG-92F6E2,DRV_19,Out for delivery,2026-08-05 13:07:00,,,,Limo,141602,-
PKG-FFD950,DRV_51,Out for delivery,2026-08-05 13:22:46,,,,Cinere,89623,-
PKG-FF5FE1,DRV_44,Out for delivery,2026-08-05 12:46:51,,,,Cinere,0,-
PKG-8380E9,DRV_52,Out for delivery,2026-08-05 12:48:40,,,,Limo,36764,-
PKG-5384DF,DRV_20,Out for delivery,2026-08-05 13:21:02,,,,Limo,0,-
PKG-F268BE,DRV_51,Out for delivery,2026-08-05 13:22:46,,,,Cinere,23229,-
PKG-63858D,DRV_16,Out for delivery,2026-08-05 12:54:24,,,,Limo,18993,-
PKG-F5F2E2,DRV_23,Out for delivery,2026-08-05 13:02:10,,,,Limo,13129,-
PKG-2D29A2,DRV_34,Out for delivery,2026-08-05 13:14:02,,,,Limo,35047,-
PKG-BF3B0A,DRV_51,Out for delivery,2026-08-05 13:22:46,,,,Cinere,0,-
PKG-601BA2,DRV_34,Out for delivery,2026-08-05 13:14:02,,,,Limo,0,-
PKG-D8A45D,DRV_06,Out for delivery,2026-08-05 13:27:49,,,,Limo,16967,-
PKG-2A693D,DRV_31,Out for delivery,2026-08-05 13:22:02,,,,Limo,0,-
PKG-D8C570,DRV_35,Out for delivery,2026-08-05 12:45:47,,,,Cinere,104286,-
PKG-78D2F8,DRV_36,Out for delivery,2026-08-05 12:52:51,,,,Cinere,22680,-
PKG-A3EC51,DRV_12,Out for delivery,2026-08-05 13:02:25,,,,Cinere,22725,-
PKG-85739D,DRV_31,Out for delivery,2026-08-05 13:22:02,,,,Limo,19190,-
PKG-45BCE6,DRV_18,Out for delivery,2026-08-05 12:48:44,,,,Limo,0,-
PKG-1C85EE,DRV_16,Out for delivery,2026-08-05 12:57:33,,,,Limo,30361,-
PKG-2C1B75,DRV_11,Out for delivery,2026-08-05 12:46:00,,,,Limo,24745,-
PKG-C0A22D,DRV_45,Out for delivery,2026-08-05 13:31:27,,,,Limo,0,-
PKG-452A46,DRV_05,Out for delivery,2026-08-05 13:24:09,,,,Cinere,0,-
PKG-CD1DA8,DRV_11,Out for delivery,2026-08-05 12:46:00,,,,Limo,20099,-
PKG-7CF888,DRV_11,Out for delivery,2026-08-05 12:46:00,,,,Limo,0,-
PKG-859E6E,DRV_18,Out for delivery,2026-08-05 12:48:44,,,,Limo,15690,-
PKG-193FF8,DRV_00,Out for delivery,2026-08-05 07:29:07,,,,Cinere,46460,-
PKG-68F2BF,DRV_47,Out for delivery,2026-08-05 13:10:35,,,,Limo,28044,-
PKG-84DB24,DRV_13,Out for delivery,2026-08-05 12:45:32,,,,Cinere,15675,-
PKG-A39566,DRV_16,Out for delivery,2026-08-05 12:54:24,,,,Limo,35249,-
PKG-6E66EA,DRV_14,Out for delivery,2026-08-05 12:43:53,,,,Cinere,22218,-
PKG-C2AA0B,DRV_29,Out for delivery,2026-08-05 12:48:34,,,,Cinere,0,-
PKG-BE66DA,DRV_54,Out for delivery,2026-08-05 13:01:46,,,,Cinere,43996,-
PKG-A1E931,DRV_28,Out for delivery,2026-08-05 13:46:21,,,,Cinere,0,-
PKG-FE0334,DRV_54,Out for delivery,2026-08-05 13:01:46,,,,Cinere,120439,-
PKG-33F4F7,DRV_33,Out for delivery,2026-08-05 13:00:41,,,,Cinere,0,-
PKG-364509,DRV_34,Out for delivery,2026-08-05 13:14:02,,,,Limo,0,-
PKG-145152,DRV_12,Out for delivery,2026-08-05 13:02:25,,,,Cinere,24240,-
PKG-83F52E,DRV_24,Out for delivery,2026-08-05 13:01:46,,,,Cinere,37278,-
PKG-B6D12A,DRV_06,Out for delivery,2026-08-05 13:27:49,,,,Limo,0,-
PKG-E51A53,DRV_16,Out for delivery,2026-08-05 12:54:24,,,,Limo,60221,-
PKG-86CF70,DRV_45,Out for delivery,2026-08-05 13:31:27,,,,Limo,40905,-
PKG-FB1FF3,DRV_13,Out for delivery,2026-08-05 12:52:38,,,,Cinere,0,-
PKG-864FD9,DRV_44,Out for delivery,2026-08-05 12:46:51,,,,Cinere,42436,-
PKG-D331E4,DRV_22,Out for delivery,2026-08-05 13:35:38,,,,Limo,23124,-
PKG-972B22,DRV_19,Out for delivery,2026-08-05 13:07:00,,,,Limo,0,-
PKG-3CEA5C,DRV_28,Out for delivery,2026-08-05 13:11:50,,,,Cinere,103878,-
PKG-2A1E28,DRV_17,Out for delivery,2026-08-05 13:44:46,,,,Limo,0,-
PKG-21CEBD,DRV_12,Out for delivery,2026-08-05 13:02:25,,,,Cinere,0,-
PKG-A5A98F,DRV_34,Out for delivery,2026-08-05 13:14:02,,,,Limo,69286,-
PKG-775CD5,DRV_06,Out for delivery,2026-08-05 07:56:57,,,,Limo,31209,-
PKG-8E7C6E,DRV_22,Out for delivery,2026-08-05 13:35:38,,,,Limo,27169,-
PKG-70AE82,DRV_26,Out for delivery,2026-08-05 12:58:52,,,,Cinere,68887,-
PKG-04E304,DRV_13,Out for delivery,2026-08-05 12:45:32,,,,Cinere,0,-
PKG-2202C2,DRV_20,Out for delivery,2026-08-05 13:21:02,,,,Limo,72316,-
PKG-A9D517,DRV_44,Out for delivery,2026-08-05 12:46:51,,,,Cinere,0,-
PKG-E8DF8D,DRV_52,Out for delivery,2026-08-05 12:48:40,,,,Limo,11127,-
PKG-79FCA3,DRV_13,Out for delivery,2026-08-05 12:52:38,,,,Cinere,0,-
PKG-F6EC42,DRV_44,Out for delivery,2026-08-05 12:46:51,,,,Cinere,17170,-
PKG-D25B50,DRV_33,Out for delivery,2026-08-05 13:00:41,,,,Cinere,0,-
PKG-C424F9,DRV_44,Out for delivery,2026-08-05 12:46:51,,,,Cinere,0,-
PKG-25E553,DRV_28,Out for delivery,2026-08-05 13:11:50,,,,Cinere,0,-
PKG-E135B3,DRV_39,Out for delivery,2026-08-05 13:31:41,,,,Cinere,62923,-
PKG-0522B3,DRV_24,Out for delivery,2026-08-05 07:34:07,,,,Cinere,78366,-
PKG-92697B,DRV_35,Out for delivery,2026-08-05 13:06:00,,,,Limo,101243,-
PKG-BC9A83,DRV_12,Out for delivery,2026-08-05 13:02:25,,,,Cinere,0,-
PKG-BAE7F2,DRV_15,Out for delivery,2026-08-05 13:31:40,,,,Limo,38279,-
PKG-3784B8,DRV_17,Out for delivery,2026-08-05 13:44:46,,,,Limo,9092,-
PKG-130391,DRV_17,Out for delivery,2026-08-05 13:44:46,,,,Cinere,99150,-
PKG-43433C,DRV_21,Out for delivery,2026-08-05 12:54:59,,,,Limo,0,-
PKG-A61A57,DRV_19,Out for delivery,2026-08-05 13:07:00,,,,Limo,0,-
PKG-BB8366,DRV_44,Out for delivery,2026-08-05 12:51:03,,,,Cinere,0,-
PKG-10E240,DRV_52,Out for delivery,2026-08-05 12:48:40,,,,Limo,0,-
PKG-5F1618,DRV_12,Out for delivery,2026-08-05 13:02:25,,,,Limo,307242,-
PKG-6EB601,DRV_21,Out for delivery,2026-08-05 12:53:50,,,,Limo,36786,-
PKG-CA9E67,DRV_37,Out for delivery,2026-08-05 12:52:20,,,,Limo,0,-
PKG-A19A9D,DRV_40,Out for delivery,2026-08-05 12:56:37,,,,Limo,25149,-
PKG-8C36D5,DRV_19,Out for delivery,2026-08-05 13:07:00,,,,Limo,34744,-
PKG-6FDE45,DRV_13,Out for delivery,2026-08-05 12:45:32,,,,Cinere,123826,-
PKG-203B38,DRV_57,Out for delivery,2026-08-05 12:52:50,,,,Cinere,27269,-
PKG-EFDE9E,DRV_04,Out for delivery,2026-08-05 13:11:21,,,,Limo,45652,-
PKG-547DCF,DRV_44,Out for delivery,2026-08-05 12:46:51,,,,Cinere,47579,-
PKG-D4CB7C,DRV_19,Out for delivery,2026-08-05 13:07:00,,,,Limo,12827,-
PKG-810EFD,DRV_56,Out for delivery,2026-08-05 12:54:16,,,,Cinere,9636,-
PKG-298273,DRV_35,Out for delivery,2026-08-05 07:39:10,,,,Cinere,52619,-
PKG-A9B5F0,DRV_54,Out for delivery,2026-08-05 13:01:46,,,,Cinere,0,-
PKG-1896B7,DRV_05,Out for delivery,2026-08-05 13:24:09,,,,Cinere,0,-
PKG-92167A,DRV_36,Out for delivery,2026-08-05 12:52:51,,,,Cinere,21853,-
PKG-34D7B2,DRV_04,Out for delivery,2026-08-05 13:11:21,,,,Limo,0,-
PKG-150C6D,DRV_21,Out for delivery,2026-08-05 12:53:50,,,,Limo,0,-
PKG-8B5EB1,DRV_28,Out for delivery,2026-08-05 13:11:50,,,,Cinere,0,-
PKG-7DE877,DRV_35,Out for delivery,2026-08-05 12:45:47,,,,Cinere,0,-
PKG-6C3C94,DRV_03,Out for delivery,2026-08-05 13:02:20,,,,Cinere,0,-
PKG-99BB1F,DRV_30,Out for delivery,2026-08-05 13:02:29,,,,Limo,30805,-
PKG-388E06,DRV_24,Out for delivery,2026-08-05 13:01:46,,,,Cinere,34239,-
PKG-0AC296,DRV_49,Out for delivery,2026-08-05 13:24:16,,,,Limo,0,-
PKG-C24327,DRV_39,Out for delivery,2026-08-05 13:31:41,,,,Cinere,0,-
PKG-63F61F,DRV_17,Out for delivery,2026-08-05 13:44:46,,,,Limo,41509,-
PKG-B9865A,DRV_29,Out for delivery,2026-08-05 12:48:34,,,,Cinere,15156,-
PKG-DF43D2,DRV_50,Out for delivery,2026-08-05 13:08:36,,,,Cinere,58887,-
PKG-B47106,DRV_37,Out for delivery,2026-08-05 13:49:59,,,,Limo,0,-
PKG-6FC7D4,DRV_54,Out for delivery,2026-08-05 13:01:46,,,,Cinere,46662,-
PKG-D36F55,DRV_07,Out for delivery,2026-08-05 12:50:53,,,,Cinere,31814,-
PKG-0C3B98,DRV_00,Out for delivery,2026-08-05 07:29:07,,,,Cinere,59994,-
PKG-3A56CE,DRV_00,Out for delivery,2026-08-05 13:23:27,,,,Limo,44642,-
PKG-047F44,DRV_21,Out for delivery,2026-08-05 12:53:50,,,,Limo,0,-
PKG-C9FD6C,DRV_17,Out for delivery,2026-08-05 13:44:46,,,,Limo,22119,-
PKG-146506,DRV_06,Out for delivery,2026-08-05 13:27:49,,,,Limo,36360,-
PKG-F835BA,DRV_33,Out for delivery,2026-08-05 07:45:47,,,,Cinere,0,-
PKG-FC5334,DRV_34,Out for delivery,2026-08-05 13:14:02,,,,Limo,0,-
PKG-997080,DRV_17,Out for delivery,2026-08-05 13:44:46,,,,Limo,74144,-
PKG-41C104,DRV_07,Out for delivery,2026-08-05 12:50:53,,,,Cinere,31814,-
PKG-A1CA7A,DRV_36,Out for delivery,2026-08-05 12:52:51,,,,Cinere,89515,-
PKG-A200D6,DRV_17,Out for delivery,2026-08-05 13:44:46,,,,Limo,0,-
PKG-75C2BA,DRV_07,Out for delivery,2026-08-05 12:50:53,,,,Cinere,31814,-
PKG-482D47,DRV_37,Out for delivery,2026-08-05 12:52:20,,,,Limo,55144,-
PKG-2E6F66,DRV_21,Out for delivery,2026-08-05 12:53:50,,,,Limo,0,-
PKG-77661C,DRV_57,Out for delivery,2026-08-05 12:52:50,,,,Cinere,0,-
PKG-569183,DRV_13,Out for delivery,2026-08-05 12:45:32,,,,Cinere,0,-
PKG-8AEDF6,DRV_43,Out for delivery,2026-08-05 12:55:50,,,,Limo,38481,-
PKG-198529,DRV_12,Out for delivery,2026-08-05 13:02:25,,,,Cinere,0,-
PKG-899365,DRV_19,Out for delivery,2026-08-05 13:07:00,,,,Limo,0,-
PKG-389417,DRV_52,Out for delivery,2026-08-05 12:48:40,,,,Limo,0,-
PKG-50DEC8,DRV_18,Out for delivery,2026-08-05 12:48:44,,,,Limo,0,-
PKG-D87A19,DRV_16,Out for delivery,2026-08-05 12:54:24,,,,Limo,21513,-
PKG-8EDED5,DRV_00,Out for delivery,2026-08-05 13:57:44,,,,Limo,184224,-
PKG-BE8666,DRV_35,Out for delivery,2026-08-05 12:45:47,,,,Cinere,0,-
PKG-4914DC,DRV_32,Out for delivery,2026-08-05 12:54:30,,,,Cinere,0,-
PKG-6C6D54,DRV_34,Out for delivery,2026-08-05 07:51:29,,,,Limo,32319,-
PKG-282F39,DRV_34,Out for delivery,2026-08-05 13:14:02,,,,Limo,40650,-
PKG-635304,DRV_17,Out for delivery,2026-08-05 13:44:46,,,,Limo,75063,-
PKG-1EE4A5,DRV_35,Out for delivery,2026-08-05 12:45:47,,,,Cinere,0,-
PKG-BBFA2A,DRV_33,Out for delivery,2026-08-05 13:00:41,,,,Cinere,0,-
PKG-866745,DRV_56,Out for delivery,2026-08-05 12:54:16,,,,Cinere,0,-
PKG-37771F,DRV_33,Out for delivery,2026-08-05 13:00:41,,,,Cinere,0,-
PKG-B4049A,DRV_28,Out for delivery,2026-08-05 13:11:50,,,,Cinere,89515,-
PKG-AFDCF2,DRV_33,Out for delivery,2026-08-05 13:00:41,,,,Cinere,18180,-
PKG-00C402,DRV_40,Out for delivery,2026-08-05 12:56:37,,,,Limo,33936,-
PKG-AACE02,DRV_13,Out for delivery,2026-08-05 12:45:32,,,,Cinere,0,-
PKG-456E11,DRV_13,Out for delivery,2026-08-05 12:45:32,,,,Cinere,36320,-
PKG-1505A8,DRV_07,Out for delivery,2026-08-05 12:50:53,,,,Cinere,0,-
PKG-DBB4B0,DRV_15,Out for delivery,2026-08-05 13:31:40,,,,Limo,15882,-
PKG-A134C3,DRV_31,Out for delivery,2026-08-05 13:22:02,,,,Limo,10447,-
PKG-DD8503,DRV_17,Out for delivery,2026-08-05 13:44:46,,,,Limo,73217,-
PKG-5F16D8,DRV_45,Out for delivery,2026-08-05 13:31:27,,,,Limo,39894,-
PKG-F04EEE,DRV_17,Out for delivery,2026-08-05 13:44:46,,,,Limo,22219,-
PKG-CF010F,DRV_04,Out for delivery,2026-08-05 13:11:21,,,,Limo,0,-
PKG-B5D196,DRV_19,Out for delivery,2026-08-05 13:07:00,,,,Limo,12952,-
PKG-E59446,DRV_40,Out for delivery,2026-08-05 12:56:37,,,,Limo,0,-
PKG-B40383,DRV_58,Out for delivery,2026-08-05 13:28:56,,,,Limo,37744,-
PKG-9CF121,DRV_21,Out for delivery,2026-08-05 12:53:50,,,,Limo,36524,-
PKG-176EDD,DRV_47,Out for delivery,2026-08-05 13:10:35,,,,Limo,17473,-
PKG-E5552F,DRV_57,Out for delivery,2026-08-05 07:38:15,,,,Cinere,82375,-
PKG-BCB82F,DRV_56,Out for delivery,2026-08-05 12:54:16,,,,Cinere,0,-
PKG-995E0D,DRV_19,Out for delivery,2026-08-05 13:07:00,,,,Limo,0,-
PKG-34AEE7,DRV_36,Out for delivery,2026-08-05 12:52:51,,,,Cinere,24644,-
PKG-626890,DRV_00,Out for delivery,2026-08-05 13:23:27,,,,Limo,0,-
PKG-270ADC,DRV_00,Out for delivery,2026-08-05 13:57:44,,,,Limo,0,-
PKG-D0C599,DRV_57,Out for delivery,2026-08-05 12:52:50,,,,Cinere,43769,-
PKG-FCFC53,DRV_44,Out for delivery,2026-08-05 12:46:51,,,,Cinere,27270,-
PKG-A7807D,DRV_36,Out for delivery,2026-08-05 07:44:21,,,,Cinere,0,-
PKG-49D785,DRV_12,Out for delivery,2026-08-05 13:02:25,,,,Cinere,33278,-
PKG-43B2CE,DRV_57,Out for delivery,2026-08-05 12:52:50,,,,Cinere,59752,-
PKG-7407DE,DRV_45,Out for delivery,2026-08-05 13:31:27,,,,Limo,0,-
PKG-F58B51,DRV_16,Out for delivery,2026-08-05 12:54:24,,,,Limo,50197,-
PKG-004016,DRV_32,Out for delivery,2026-08-05 12:54:30,,,,Cinere,0,-
PKG-1D6C5D,DRV_30,Out for delivery,2026-08-05 13:02:29,,,,Limo,0,-
PKG-08E6B3,DRV_44,Out for delivery,2026-08-05 12:46:51,,,,Cinere,15856,-
PKG-87B733,DRV_29,Out for delivery,2026-08-05 12:48:34,,,,Cinere,152813,-
PKG-6F4673,DRV_04,Out for delivery,2026-08-05 13:11:21,,,,Limo,131234,-
PKG-865AE6,DRV_19,Out for delivery,2026-08-05 13:07:00,,,,Limo,10100,-
PKG-6766A7,DRV_13,Out for delivery,2026-08-05 07:21:52,,,,Cinere,32664,-
PKG-154E22,DRV_11,Out for delivery,2026-08-05 12:46:00,,,,Limo,32643,-
PKG-18E918,DRV_15,Out for delivery,2026-08-05 13:31:40,,,,Limo,24800,-
PKG-D292C9,DRV_35,Out for delivery,2026-08-05 12:45:47,,,,Cinere,38986,-
PKG-6507C4,DRV_11,Out for delivery,2026-08-05 12:46:00,,,,Limo,11413,-
PKG-4D8137,DRV_36,Out for delivery,2026-08-05 12:52:51,,,,Cinere,28583,-
PKG-B1FAD1,DRV_51,Out for delivery,2026-08-05 13:22:46,,,,Cinere,121402,-
PKG-56AE3A,DRV_38,Out for delivery,2026-08-05 12:50:49,,,,Limo,16564,-
PKG-B4F02A,DRV_39,Out for delivery,2026-08-05 07:27:23,,,,Cinere,7608,-
PKG-EACF03,DRV_36,Out for delivery,2026-08-05 07:44:21,,,,Cinere,103676,-
PKG-A11AC3,DRV_40,Out for delivery,2026-08-05 13:29:33,,,,Limo,94890,-
PKG-B0F72C,DRV_03,Out for delivery,2026-08-05 13:02:20,,,,Cinere,70801,-
PKG-73A6E5,DRV_35,Out for delivery,2026-08-05 13:06:00,,,,Cinere,23228,-
PKG-08FFE0,DRV_32,Out for delivery,2026-08-05 12:54:30,,,,Cinere,0,-
PKG-565338,DRV_30,Out for delivery,2026-08-05 13:02:29,,,,Limo,44245,-
PKG-951CC6,DRV_17,Out for delivery,2026-08-05 13:44:46,,,,Limo,0,-
PKG-2CAEEA,DRV_26,Out for delivery,2026-08-05 07:30:37,,,,Cinere,11210,-
PKG-5F3225,DRV_29,Out for delivery,2026-08-05 12:48:34,,,,Cinere,0,-
PKG-BD5199,DRV_14,Out for delivery,2026-08-05 12:43:53,,,,Cinere,82638,-
PKG-E2F89C,DRV_35,Out for delivery,2026-08-05 13:06:01,,,,Cinere,0,-
PKG-0CF052,DRV_21,Out for delivery,2026-08-05 13:14:06,,,,Limo,315019,-
PKG-E4C0F9,DRV_26,Out for delivery,2026-08-05 07:30:37,,,,Cinere,23230,-
PKG-050AE5,DRV_23,Out for delivery,2026-08-05 12:59:11,,,,Limo,0,-
PKG-8B6B10,DRV_39,Out for delivery,2026-08-05 13:31:41,,,,Cinere,0,-
PKG-31BA97,DRV_03,Out for delivery,2026-08-05 13:02:20,,,,Cinere,0,-
PKG-7469FD,DRV_37,Out for delivery,2026-08-05 12:52:20,,,,Limo,0,-
PKG-D02440,DRV_54,Out for delivery,2026-08-05 13:01:46,,,,Cinere,12776,-
PKG-9DA632,DRV_14,Out for delivery,2026-08-05 12:43:53,,,,Cinere,114145,-
PKG-95E05B,DRV_51,Out for delivery,2026-08-05 13:22:46,,,,Cinere,22704,-
PKG-1CF7D7,DRV_34,Out for delivery,2026-08-05 13:14:02,,,,Limo,0,-
PKG-F68A79,DRV_00,Out for delivery,2026-08-05 07:49:23,,,,Limo,33535,-
PKG-6448BD,DRV_05,Out for delivery,2026-08-05 13:24:09,,,,Cinere,0,-
PKG-7A3EA0,DRV_39,Out for delivery,2026-08-05 13:31:41,,,,Cinere,15066,-
PKG-D5F020,DRV_39,Out for delivery,2026-08-05 13:31:41,,,,Cinere,46400,-
PKG-F92F0C,DRV_04,Out for delivery,2026-08-05 13:11:21,,,,Limo,0,-
PKG-904C8C,DRV_47,Out for delivery,2026-08-05 13:10:35,,,,Limo,99788,-
PKG-1ED41E,DRV_57,Out for delivery,2026-08-05 13:48:11,,,,Cinere,72913,-
PKG-FC67F4,DRV_14,Out for delivery,2026-08-05 07:23:28,,,,Cinere,23230,-
PKG-9DCA91,DRV_03,Out for delivery,2026-08-05 13:02:20,,,,Cinere,0,-
PKG-220501,DRV_33,Out for delivery,2026-08-05 13:00:41,,,,Cinere,0,-
PKG-8E29E2,DRV_05,Out for delivery,2026-08-05 13:24:09,,,,Cinere,0,-
PKG-D26716,DRV_24,Out for delivery,2026-08-05 13:01:46,,,,Cinere,0,-
PKG-D3597B,DRV_40,Out for delivery,2026-08-05 12:56:37,,,,Limo,15653,-
PKG-9A28D3,DRV_24,Out for delivery,2026-08-05 07:34:07,,,,Cinere,48186,-
PKG-F82D1F,DRV_52,Out for delivery,2026-08-05 12:48:40,,,,Limo,0,-
PKG-8DD85A,DRV_40,Out for delivery,2026-08-05 13:29:40,,,,Limo,30300,-
PKG-B6340A,DRV_14,Out for delivery,2026-08-05 12:43:53,,,,Cinere,0,-
PKG-F40629,DRV_05,Out for delivery,2026-08-05 13:24:09,,,,Cinere,0,-
PKG-1C359A,DRV_07,Out for delivery,2026-08-05 12:50:53,,,,Cinere,41158,-
PKG-BC2646,DRV_57,Out for delivery,2026-08-05 12:52:50,,,,Cinere,16110,-
PKG-ACF2C3,DRV_23,Out for delivery,2026-08-05 12:49:48,,,,Limo,0,-
PKG-501E01,DRV_25,Out for delivery,2026-08-05 13:13:19,,,,Cinere,17928,-
PKG-017B40,DRV_33,Out for delivery,2026-08-05 13:00:41,,,,Cinere,0,-
PKG-027BCA,DRV_33,Out for delivery,2026-08-05 13:00:41,,,,Cinere,0,-
PKG-885D3C,DRV_06,Out for delivery,2026-08-05 13:27:49,,,,Limo,57743,-
PKG-F85885,DRV_34,Out for delivery,2026-08-05 13:14:02,,,,Limo,25250,-
PKG-C151B0,DRV_00,Out for delivery,2026-08-05 12:58:40,,,,Limo,0,-
PKG-1C0055,DRV_23,Out for delivery,2026-08-05 12:49:48,,,,Limo,28785,-
PKG-6DF988,DRV_46,Out for delivery,2026-08-05 13:46:00,,,,Cinere,55247,-
PKG-B69A84,DRV_34,Out for delivery,2026-08-05 13:14:02,,,,Limo,0,-
PKG-EE63C6,DRV_19,Out for delivery,2026-08-05 13:07:00,,,,Limo,19099,-
PKG-B83EF6,DRV_54,Out for delivery,2026-08-05 13:01:46,,,,Cinere,14138,-
PKG-0AF5CD,DRV_28,Out for delivery,2026-08-05 13:11:50,,,,Cinere,0,-
PKG-A471F6,DRV_24,Out for delivery,2026-08-05 07:34:07,,,,Cinere,133231,-
PKG-B6F830,DRV_24,Out for delivery,2026-08-05 13:01:46,,,,Cinere,0,-
PKG-4B5323,DRV_27,Out for delivery,2026-08-05 12:54:55,,,,Limo,13130,-
PKG-202205,DRV_17,Out for delivery,2026-08-05 13:44:46,,,,Limo,0,-
PKG-DAE8B0,DRV_29,Out for delivery,2026-08-05 12:48:34,,,,Cinere,168670,-
PKG-585996,DRV_23,Out for delivery,2026-08-05 12:49:48,,,,Limo,168670,-
PKG-131DDD,DRV_23,Out for delivery,2026-08-05 12:49:48,,,,Limo,168670,-
PKG-9B6A4B,DRV_50,Out for delivery,2026-08-05 12:50:19,,,,Cinere,25755,-
PKG-958E98,DRV_38,Out for delivery,2026-08-05 12:50:49,,,,Limo,0,-
PKG-C19CD4,DRV_30,Out for delivery,2026-08-05 13:02:29,,,,Limo,33886,-
PKG-98E88A,DRV_51,Out for delivery,2026-08-05 13:22:46,,,,Cinere,0,-
PKG-34B11C,DRV_15,Out for delivery,2026-08-05 08:18:32,,,,Limo,31310,-
PKG-9474CE,DRV_00,Out for delivery,2026-08-05 13:23:27,,,,Limo,15478,-
PKG-278EA3,DRV_30,Out for delivery,2026-08-05 13:02:29,,,,Limo,0,-
PKG-D0FD81,DRV_46,Out for delivery,2026-08-05 13:08:59,,,,Cinere,0,-
PKG-39F4F8,DRV_33,Out for delivery,2026-08-05 13:00:41,,,,Cinere,13583,-
PKG-CC6FE9,DRV_51,Out for delivery,2026-08-05 13:22:46,,,,Cinere,34833,-
PKG-70049A,DRV_00,Out for delivery,2026-08-05 12:58:40,,,,Limo,0,-
PKG-C83831,DRV_44,Out for delivery,2026-08-05 12:46:51,,,,Cinere,0,-
PKG-186AA3,DRV_11,Out for delivery,2026-08-05 12:46:00,,,,Limo,0,-
PKG-62D3B1,DRV_07,Out for delivery,2026-08-05 12:50:53,,,,Cinere,43026,-
PKG-5031AE,DRV_00,Out for delivery,2026-08-05 12:42:13,,,,Cinere,118372,-
PKG-068862,DRV_38,Out for delivery,2026-08-05 12:50:49,,,,Limo,36360,-
PKG-10DA07,DRV_00,Out for delivery,2026-08-05 13:57:44,,,,Limo,36360,-
PKG-3F07BB,DRV_57,Out for delivery,2026-08-05 12:52:50,,,,Cinere,0,-
PKG-60613C,DRV_00,Out for delivery,2026-08-05 13:57:44,,,,Limo,46736,-
PKG-39241E,DRV_40,Out for delivery,2026-08-05 12:56:37,,,,Limo,0,-
PKG-26C476,DRV_35,Out for delivery,2026-08-05 12:45:47,,,,Cinere,45652,-
PKG-6C87A7,DRV_33,Out for delivery,2026-08-05 13:00:41,,,,Cinere,47066,-
PKG-A452BF,DRV_57,Out for delivery,2026-08-05 12:52:50,,,,Cinere,69791,-
PKG-A3EEB5,DRV_58,Out for delivery,2026-08-05 13:28:56,,,,Limo,132000,-
PKG-742A27,DRV_38,Out for delivery,2026-08-05 12:50:49,,,,Limo,0,-
PKG-9364DF,DRV_24,Out for delivery,2026-08-05 13:01:46,,,,Cinere,0,-
PKG-B08168,DRV_12,Out for delivery,2026-08-05 13:02:25,,,,Cinere,64600,-
PKG-1FC9DC,DRV_00,Out for delivery,2026-08-05 12:58:40,,,,Limo,44236,-
PKG-C2EDB9,DRV_24,Out for delivery,2026-08-05 13:01:46,,,,Cinere,0,-
PKG-CC6B04,DRV_51,Out for delivery,2026-08-05 13:22:46,,,,Cinere,0,-
PKG-BE0F1B,DRV_44,Out for delivery,2026-08-05 12:46:51,,,,Cinere,22422,-
PKG-3F57EC,DRV_38,Out for delivery,2026-08-05 13:37:19,,,,Limo,0,-
PKG-9B6E9E,DRV_43,Out for delivery,2026-08-05 12:55:50,,,,Limo,153001,-
PKG-69A171,DRV_47,Out for delivery,2026-08-05 13:10:35,,,,Limo,21209,-
PKG-7A39E1,DRV_31,Out for delivery,2026-08-05 13:22:02,,,,Limo,21209,-
PKG-CF4587,DRV_58,Out for delivery,2026-08-05 13:28:56,,,,Limo,13130,-
PKG-712D2E,DRV_58,Out for delivery,2026-08-05 13:28:56,,,,Cinere,0,-
PKG-5CA0C1,DRV_19,Out for delivery,2026-08-05 13:07:00,,,,Limo,14139,-
PKG-C7A107,DRV_46,Out for delivery,2026-08-05 13:38:56,,,,Cinere,0,-
PKG-926FA0,DRV_14,Out for delivery,2026-08-05 07:23:28,,,,Cinere,42622,-
PKG-CCF99F,DRV_36,Out for delivery,2026-08-05 12:52:51,,,,Cinere,91304,-
PKG-0F578B,DRV_27,Out for delivery,2026-08-05 12:54:55,,,,Limo,88426,-
PKG-E660BE,DRV_17,Out for delivery,2026-08-05 13:44:46,,,,Limo,181800,-
PKG-13E4FB,DRV_03,Out for delivery,2026-08-05 13:02:20,,,,Cinere,24947,-
PKG-D19E8B,DRV_00,Out for delivery,2026-08-05 13:57:44,,,,Limo,46690,-
PKG-14B4B0,DRV_13,Out for delivery,2026-08-05 12:45:32,,,,Cinere,25047,-
PKG-AA1323,DRV_04,Out for delivery,2026-08-05 13:11:21,,,,Limo,0,-
PKG-99BFF3,DRV_06,Out for delivery,2026-08-05 13:27:49,,,,Limo,21311,-
PKG-AC2DCC,DRV_21,Out for delivery,2026-08-05 12:53:50,,,,Limo,0,-
PKG-30A98E,DRV_39,Out for delivery,2026-08-05 13:31:41,,,,Cinere,11464,-
PKG-D4300E,DRV_03,Out for delivery,2026-08-05 13:02:20,,,,Cinere,0,-
PKG-ECE3A5,DRV_20,Out for delivery,2026-08-05 13:21:02,,,,Limo,0,-
PKG-4197FC,DRV_19,Out for delivery,2026-08-05 13:07:00,,,,Limo,34946,-
PKG-0DB199,DRV_29,Out for delivery,2026-08-05 12:48:34,,,,Cinere,58984,-
PKG-3A9052,DRV_29,Out for delivery,2026-08-05 13:50:29,,,,Cinere,146733,-
PKG-EBD2E9,DRV_49,Out for delivery,2026-08-05 07:57:49,,,,Limo,103362,-
PKG-C8B17F,DRV_24,Out for delivery,2026-08-05 13:01:46,,,,Cinere,0,-
PKG-5D67CA,DRV_54,Out for delivery,2026-08-05 13:01:46,,,,Cinere,0,-
PKG-18B6A5,DRV_50,Out for delivery,2026-08-05 12:50:19,,,,Cinere,35855,-
PKG-E3F26A,DRV_26,Out for delivery,2026-08-05 12:58:52,,,,Cinere,0,-
PKG-7574E6,DRV_31,Out for delivery,2026-08-05 13:22:02,,,,Limo,35249,-
PKG-B3AE37,DRV_26,Out for delivery,2026-08-05 12:58:52,,,,Cinere,0,-
PKG-F70EE2,DRV_05,Out for delivery,2026-08-05 13:24:09,,,,Cinere,0,-
PKG-F5E018,DRV_21,Out for delivery,2026-08-05 12:53:50,,,,Limo,36360,-
PKG-C5001F,DRV_25,Out for delivery,2026-08-05 13:13:19,,,,Cinere,0,-
PKG-C427CF,DRV_58,Out for delivery,2026-08-05 13:28:56,,,,Limo,0,-
PKG-D8F12C,DRV_38,Out for delivery,2026-08-05 12:50:49,,,,Limo,109793,-
PKG-E77266,DRV_19,Out for delivery,2026-08-05 13:07:00,,,,Limo,27310,-
PKG-02EE72,DRV_19,Out for delivery,2026-08-05 13:07:00,,,,Limo,24745,-
PKG-C3D54A,DRV_24,Out for delivery,2026-08-05 13:01:46,,,,Cinere,0,-
PKG-B62FB7,DRV_37,Out for delivery,2026-08-05 12:52:20,,,,Limo,62918,-
PKG-868BA4,DRV_58,Out for delivery,2026-08-05 13:28:56,,,,Limo,0,-
PKG-05F8B1,DRV_43,Out for delivery,2026-08-05 12:55:50,,,,Limo,0,-
PKG-F7A940,DRV_03,Out for delivery,2026-08-05 07:47:26,,,,Cinere,16058,-
PKG-379258,DRV_00,Out for delivery,2026-08-05 13:23:27,,,,Limo,85931,-
PKG-47030A,DRV_54,Out for delivery,2026-08-05 13:01:46,,,,Cinere,0,-
PKG-99B8BC,DRV_04,Out for delivery,2026-08-05 13:11:21,,,,Limo,11917,-
PKG-331653,DRV_43,Out for delivery,2026-08-05 12:56:10,,,,Limo,19999,-
PKG-17EC03,DRV_17,Out for delivery,2026-08-05 13:44:46,,,,Limo,0,-
PKG-F6CB9F,DRV_30,Out for delivery,2026-08-05 07:41:55,,,,Limo,24492,-
PKG-3CC49C,DRV_30,Out for delivery,2026-08-05 07:41:55,,,,Limo,45720,-
PKG-1C21B5,DRV_50,Out for delivery,2026-08-05 12:50:19,,,,Cinere,0,-
PKG-2368BA,DRV_46,Out for delivery,2026-08-05 13:08:59,,,,Cinere,107666,-
PKG-444E6A,DRV_27,Out for delivery,2026-08-05 12:54:55,,,,Limo,0,-
PKG-F6EF07,DRV_12,Out for delivery,2026-08-05 13:02:25,,,,Cinere,21105,-
PKG-A3699F,DRV_28,Out for delivery,2026-08-05 13:29:42,,,,Cinere,0,-
PKG-48E7F6,DRV_29,Out for delivery,2026-08-05 13:50:29,,,,Cinere,63692,-
PKG-FA3E35,DRV_58,Out for delivery,2026-08-05 13:28:56,,,,Cinere,222139,-
PKG-081477,DRV_03,Out for delivery,2026-08-05 13:02:20,,,,Cinere,73589,-
PKG-B8F6CC,DRV_27,Out for delivery,2026-08-05 12:54:55,,,,Limo,0,-
PKG-E212DA,DRV_43,Out for delivery,2026-08-05 12:55:50,,,,Limo,0,-
PKG-EAFD1D,DRV_14,Out for delivery,2026-08-05 12:43:53,,,,Cinere,67518,-
PKG-6A7FB3,DRV_19,Out for delivery,2026-08-05 13:07:00,,,,Limo,80861,-
PKG-8D0585,DRV_44,Out for delivery,2026-08-05 12:46:51,,,,Cinere,0,-
PKG-CB1F1A,DRV_35,Out for delivery,2026-08-05 12:45:47,,,,Cinere,0,-
PKG-C17A3B,DRV_30,Out for delivery,2026-08-05 13:02:29,,,,Limo,41871,-
PKG-33B29A,DRV_49,Out for delivery,2026-08-05 13:24:16,,,,Limo,49090,-
PKG-AA8A09,DRV_36,Out for delivery,2026-08-05 12:52:51,,,,Cinere,37366,-
PKG-3028BE,DRV_00,Out for delivery,2026-08-05 13:23:27,,,,Limo,0,-
PKG-9F3E0F,DRV_33,Out for delivery,2026-08-05 13:00:41,,,,Cinere,0,-
PKG-BCC1C6,DRV_31,Out for delivery,2026-08-05 13:22:02,,,,Limo,0,-
PKG-169A97,DRV_12,Out for delivery,2026-08-05 13:02:25,,,,Cinere,0,-
PKG-69E588,DRV_38,Out for delivery,2026-08-05 13:37:19,,,,Limo,233310,-
PKG-5941EF,DRV_17,Out for delivery,2026-08-05 13:44:46,,,,Limo,0,-
PKG-F600AF,DRV_00,Out for delivery,2026-08-05 12:58:40,,,,Limo,18569,-
PKG-DE03EB,DRV_46,Out for delivery,2026-08-05 13:38:55,,,,Cinere,0,-
PKG-A91E7A,DRV_23,Out for delivery,2026-08-05 12:49:48,,,,Limo,0,-
PKG-D94C70,DRV_47,Out for delivery,2026-08-05 13:10:35,,,,Limo,0,-
PKG-FEE273,DRV_00,Out for delivery,2026-08-05 13:57:44,,,,Limo,26612,-
PKG-8F592A,DRV_47,Out for delivery,2026-08-05 13:10:35,,,,Limo,0,-
PKG-2342CB,DRV_44,Out for delivery,2026-08-05 12:46:51,,,,Cinere,18979,-
PKG-630577,DRV_43,Out for delivery,2026-08-05 12:55:50,,,,Limo,38138,-
PKG-7FBEDF,DRV_44,Out for delivery,2026-08-05 12:46:51,,,,Cinere,0,-
PKG-989467,DRV_32,Out for delivery,2026-08-05 12:54:30,,,,Cinere,0,-
PKG-4E4C19,DRV_40,Out for delivery,2026-08-05 12:56:37,,,,Limo,0,-
PKG-13A3BB,DRV_12,Out for delivery,2026-08-05 13:02:25,,,,Cinere,0,-
PKG-C8452A,DRV_17,Out for delivery,2026-08-05 13:44:46,,,,Limo,35754,-
PKG-43CB23,DRV_07,Out for delivery,2026-08-05 12:50:53,,,,Cinere,78281,-
PKG-49C76D,DRV_04,Out for delivery,2026-08-05 13:11:21,,,,Limo,23634,-
PKG-4DB29A,DRV_40,Out for delivery,2026-08-05 12:56:37,,,,Limo,15554,-
PKG-B47172,DRV_51,Out for delivery,2026-08-05 13:22:46,,,,Cinere,20604,-
PKG-A6CE5D,DRV_47,Out for delivery,2026-08-05 13:10:35,,,,Limo,0,-
PKG-CC76D9,DRV_51,Out for delivery,2026-08-05 13:22:46,,,,Cinere,14409,-
PKG-BE4DA6,DRV_23,Out for delivery,2026-08-05 12:59:11,,,,Limo,19089,-
PKG-96ED94,DRV_18,Out for delivery,2026-08-05 12:48:44,,,,Limo,18079,-
PKG-97CD8C,DRV_03,Out for delivery,2026-08-05 13:02:20,,,,Cinere,26159,-
PKG-91CA22,DRV_29,Out for delivery,2026-08-05 12:48:34,,,,Cinere,21614,-
PKG-542BDB,DRV_00,Out for delivery,2026-08-05 07:59:10,,,,Limo,100797,-
PKG-58646E,DRV_00,Out for delivery,2026-08-05 12:58:40,,,,Limo,15334,-
PKG-4C1B38,DRV_56,Out for delivery,2026-08-05 12:54:16,,,,Cinere,13635,-
PKG-26B25F,DRV_47,Out for delivery,2026-08-05 13:10:35,,,,Limo,0,-
PKG-E290E4,DRV_26,Out for delivery,2026-08-05 12:58:52,,,,Cinere,0,-
PKG-74B5D4,DRV_26,Out for delivery,2026-08-05 12:58:52,,,,Cinere,0,-
PKG-B6E810,DRV_47,Out for delivery,2026-08-05 13:10:35,,,,Limo,84654,-
PKG-2E40A7,DRV_21,Out for delivery,2026-08-05 12:53:50,,,,Limo,92102,-
PKG-517D19,DRV_28,Out for delivery,2026-08-05 07:35:59,,,,Cinere,44199,-
PKG-B8FCA8,DRV_58,Out for delivery,2026-08-05 13:28:56,,,,Cinere,0,-
PKG-CF45E3,DRV_19,Out for delivery,2026-08-05 13:07:00,,,,Limo,69149,-
PKG-955FA5,DRV_51,Out for delivery,2026-08-05 08:12:14,,,,Cinere,17986,-
PKG-7A1FC8,DRV_23,Out for delivery,2026-08-05 12:49:48,,,,Limo,60903,-
PKG-E1013A,DRV_24,Out for delivery,2026-08-05 13:01:46,,,,Cinere,37705,-
PKG-DB5DA8,DRV_00,Out for delivery,2026-08-05 13:23:27,,,,Limo,36662,-
PKG-B0DAB1,DRV_00,Out for delivery,2026-08-05 13:57:44,,,,Limo,57368,-
PKG-1D180B,DRV_19,Out for delivery,2026-08-05 08:21:33,,,,Limo,40388,-
PKG-B247DA,DRV_00,Out for delivery,2026-08-05 12:42:13,,,,Cinere,0,-
PKG-4E3FD8,DRV_16,Out for delivery,2026-08-05 12:54:24,,,,Limo,43460,-
PKG-99C6A7,DRV_34,Out for delivery,2026-08-05 13:14:02,,,,Limo,46258,-
PKG-F22277,DRV_03,Out for delivery,2026-08-05 13:02:20,,,,Cinere,0,-
PKG-D662C6,DRV_16,Out for delivery,2026-08-05 12:54:24,,,,Limo,0,-
PKG-2DF6A9,DRV_39,Out for delivery,2026-08-05 13:31:41,,,,Cinere,0,-
PKG-705AC6,DRV_38,Out for delivery,2026-08-05 12:50:49,,,,Limo,0,-
PKG-F5D8F6,DRV_34,Out for delivery,2026-08-05 07:51:29,,,,Limo,228662,-
PKG-52A1ED,DRV_28,Out for delivery,2026-08-05 13:11:50,,,,Cinere,34643,-
PKG-3AE32E,DRV_13,Out for delivery,2026-08-05 12:52:38,,,,Cinere,0,-
PKG-A189D3,DRV_06,Out for delivery,2026-08-05 13:17:41,,,,Limo,9713,-
PKG-7B540B,DRV_35,Out for delivery,2026-08-05 12:45:47,,,,Cinere,0,-
PKG-5CA542,DRV_45,Out for delivery,2026-08-05 13:31:27,,,,Limo,0,-
PKG-37EE18,DRV_00,Out for delivery,2026-08-05 13:23:27,,,,Limo,57842,-
PKG-C81F3C,DRV_29,Out for delivery,2026-08-05 12:48:34,,,,Cinere,22924,-
PKG-6751E7,DRV_44,Out for delivery,2026-08-05 12:46:51,,,,Cinere,27067,-
PKG-5A3021,DRV_28,Out for delivery,2026-08-05 13:49:43,,,,Cinere,39467,-
PKG-904909,DRV_34,Out for delivery,2026-08-05 13:14:02,,,,Limo,170285,-
PKG-3CECB4,DRV_36,Out for delivery,2026-08-05 12:52:51,,,,Cinere,194154,-
PKG-2E7D62,DRV_29,Out for delivery,2026-08-05 13:50:29,,,,Cinere,18608,-
PKG-E43ED4,DRV_12,Out for delivery,2026-08-05 13:02:25,,,,Cinere,36157,-
PKG-BF7E6D,DRV_17,Out for delivery,2026-08-05 13:44:46,,,,Limo,20200,-
PKG-0761EB,DRV_45,Out for delivery,2026-08-05 13:31:27,,,,Limo,43341,-
PKG-2FB4E3,DRV_47,Out for delivery,2026-08-05 13:10:35,,,,Limo,0,-
PKG-4E67FD,DRV_45,Out for delivery,2026-08-05 13:31:27,,,,Limo,0,-
PKG-EB2F43,DRV_44,Out for delivery,2026-08-05 12:46:51,,,,Cinere,0,-
PKG-46B942,DRV_11,Out for delivery,2026-08-05 12:46:00,,,,Limo,0,-
PKG-A2B0FD,DRV_19,Out for delivery,2026-08-05 13:07:00,,,,Limo,45763,-
PKG-B9BB5A,DRV_38,Out for delivery,2026-08-05 13:37:19,,,,Limo,0,-
PKG-D0A845,DRV_18,Out for delivery,2026-08-05 12:48:44,,,,Limo,0,-
PKG-B50783,DRV_40,Out for delivery,2026-08-05 12:56:37,,,,Limo,0,-
PKG-7202EE,DRV_32,Out for delivery,2026-08-05 12:54:30,,,,Cinere,9080,-
PKG-E90689,DRV_34,Out for delivery,2026-08-05 13:14:02,,,,Limo,22404,-
PKG-6A4D2A,DRV_51,Out for delivery,2026-08-05 13:22:46,,,,Cinere,110015,-
PKG-B80F95,DRV_33,Out for delivery,2026-08-05 13:00:41,,,,Cinere,0,-
PKG-91D63D,DRV_27,Out for delivery,2026-08-05 12:54:55,,,,Limo,28961,-
PKG-8F6096,DRV_07,Out for delivery,2026-08-05 12:50:53,,,,Cinere,52641,-
PKG-BF5A2F,DRV_03,Out for delivery,2026-08-05 13:02:20,,,,Cinere,101404,-
PKG-B4E510,DRV_32,Out for delivery,2026-08-05 12:54:30,,,,Cinere,0,-
PKG-E0430E,DRV_07,Out for delivery,2026-08-05 12:50:53,,,,Cinere,39295,-
PKG-BB03CD,DRV_47,Out for delivery,2026-08-05 13:10:35,,,,Limo,0,-
PKG-C09CDF,DRV_18,Out for delivery,2026-08-05 12:48:44,,,,Limo,60566,-
PKG-792F57,DRV_40,Out for delivery,2026-08-05 12:56:37,,,,Limo,0,-
PKG-CB6401,DRV_17,Out for delivery,2026-08-05 13:44:46,,,,Limo,14139,-
PKG-04D54A,DRV_03,Out for delivery,2026-08-05 13:02:20,,,,Cinere,0,-
PKG-6381AB,DRV_33,Out for delivery,2026-08-05 13:00:41,,,,Cinere,79461,-
PKG-AA2E58,DRV_51,Out for delivery,2026-08-05 13:22:46,,,,Cinere,164306,-
PKG-7B4CEB,DRV_38,Out for delivery,2026-08-05 12:50:49,,,,Limo,108211,-
PKG-38906F,DRV_24,Out for delivery,2026-08-05 13:01:46,,,,Cinere,0,-
PKG-6DDC4B,DRV_52,Out for delivery,2026-08-05 13:07:35,,,,Limo,0,-
PKG-55560C,DRV_36,Out for delivery,2026-08-05 12:52:51,,,,Cinere,115690,-
PKG-3E94CD,DRV_04,Out for delivery,2026-08-05 13:11:21,,,,Limo,93842,-
PKG-462E68,DRV_46,Out for delivery,2026-08-05 13:25:11,,,,Cinere,28866,-
PKG-D7AF2D,DRV_35,Out for delivery,2026-08-05 12:45:47,,,,Cinere,0,-
PKG-14A388,DRV_35,Out for delivery,2026-08-05 12:45:47,,,,Cinere,0,-
PKG-1E78E5,DRV_57,Out for delivery,2026-08-05 12:52:50,,,,Cinere,0,-
PKG-A87A03,DRV_44,Out for delivery,2026-08-05 12:46:51,,,,Cinere,64935,-
PKG-76B374,DRV_34,Out for delivery,2026-08-05 13:14:02,,,,Limo,0,-
PKG-4055BA,DRV_23,Out for delivery,2026-08-05 12:49:48,,,,Limo,69275,-
PKG-0A8BF6,DRV_19,Out for delivery,2026-08-05 13:07:00,,,,Limo,14973,-
PKG-851FCE,DRV_46,Out for delivery,2026-08-05 13:40:56,,,,Cinere,0,-
PKG-99DA3D,DRV_45,Out for delivery,2026-08-05 13:53:39,,,,Limo,41612,-
PKG-E4C854,DRV_33,Out for delivery,2026-08-05 13:00:41,,,,Cinere,0,-
PKG-0D0E6D,DRV_39,Out for delivery,2026-08-05 13:31:41,,,,Cinere,0,-
PKG-6BBC54,DRV_27,Out for delivery,2026-08-05 12:54:55,,,,Limo,0,-
PKG-5AE88D,DRV_24,Out for delivery,2026-08-05 13:01:46,,,,Cinere,118053,-
PKG-B53E47,DRV_23,Out for delivery,2026-08-05 12:49:48,,,,Limo,0,-
PKG-DAC785,DRV_19,Out for delivery,2026-08-05 13:07:00,,,,Limo,0,-
PKG-DF85D7,DRV_18,Out for delivery,2026-08-05 12:48:44,,,,Limo,24390,-
PKG-EB34D7,DRV_30,Out for delivery,2026-08-05 13:02:29,,,,Limo,13847,-
PKG-1F3B43,DRV_54,Out for delivery,2026-08-05 13:01:46,,,,Cinere,0,-
PKG-83C2A1,DRV_35,Out for delivery,2026-08-05 13:06:00,,,,Cinere,0,-
PKG-328B2A,DRV_44,Out for delivery,2026-08-05 12:46:51,,,,Cinere,0,-
PKG-D16E34,DRV_39,Out for delivery,2026-08-05 13:31:41,,,,Cinere,9595,-
PKG-0E12A2,DRV_46,Out for delivery,2026-08-05 13:25:11,,,,Cinere,0,-
PKG-F61985,DRV_40,Out for delivery,2026-08-05 12:56:37,,,,Limo,53496,-
PKG-0571ED,DRV_47,Out for delivery,2026-08-05 13:10:35,,,,Limo,0,-
PKG-6E15B7,DRV_58,Out for delivery,2026-08-05 13:28:56,,,,Limo,24805,-
PKG-C42354,DRV_34,Out for delivery,2026-08-05 13:14:02,,,,Limo,125442,-
PKG-70A5E9,DRV_47,Out for delivery,2026-08-05 13:10:35,,,,Limo,16312,-
PKG-2A17BB,DRV_00,Out for delivery,2026-08-05 12:58:40,,,,Limo,24867,-
PKG-89FD11,DRV_11,Out for delivery,2026-08-05 12:46:00,,,,Limo,0,-
PKG-F47B7C,DRV_43,Out for delivery,2026-08-05 07:50:33,,,,Limo,47834,-
PKG-E6F215,DRV_47,Out for delivery,2026-08-05 13:10:35,,,,Limo,0,-
PKG-CADFFA,DRV_07,Out for delivery,2026-08-05 07:41:10,,,,Cinere,46561,-
PKG-0BB7F7,DRV_56,Out for delivery,2026-08-05 12:54:16,,,,Cinere,0,-
PKG-997DDD,DRV_24,Out for delivery,2026-08-05 07:34:07,,,,Cinere,2020,-
PKG-C37A0D,DRV_28,Out for delivery,2026-08-05 13:11:50,,,,Cinere,16160,-
PKG-E9173B,DRV_25,Out for delivery,2026-08-05 13:13:19,,,,Cinere,71221,-
PKG-D52A06,DRV_00,Out for delivery,2026-08-05 07:59:10,,,,Limo,21697,-
PKG-B5E09B,DRV_21,Out for delivery,2026-08-05 12:53:50,,,,Limo,0,-
PKG-0DA5EE,DRV_58,Out for delivery,2026-08-05 13:28:56,,,,Limo,0,-
PKG-E4B120,DRV_21,Out for delivery,2026-08-05 12:53:50,,,,Limo,0,-
PKG-6D4D0E,DRV_47,Out for delivery,2026-08-05 13:10:35,,,,Limo,48802,-
PKG-9B798A,DRV_29,Out for delivery,2026-08-05 12:48:34,,,,Cinere,0,-
PKG-A259A8,DRV_43,Out for delivery,2026-08-05 12:55:50,,,,Limo,0,-
PKG-1A5EC5,DRV_17,Out for delivery,2026-08-05 13:44:46,,,,Limo,0,-
PKG-92C72C,DRV_37,Out for delivery,2026-08-05 12:52:20,,,,Limo,0,-
PKG-F639EF,DRV_00,Out for delivery,2026-08-05 12:58:40,,,,Limo,0,-
PKG-5C503B,DRV_40,Out for delivery,2026-08-05 12:57:53,,,,Limo,0,-
PKG-B9E59C,DRV_18,Out for delivery,2026-08-05 12:48:44,,,,Limo,0,-
PKG-1AD60C,DRV_28,Out for delivery,2026-08-05 13:11:50,,,,Cinere,0,-
PKG-651A3B,DRV_58,Out for delivery,2026-08-05 13:28:56,,,,Cinere,0,-
PKG-4E9BCA,DRV_28,Out for delivery,2026-08-05 13:29:42,,,,Cinere,0,-
PKG-9895A0,DRV_40,Out for delivery,2026-08-05 12:56:37,,,,Limo,0,-
PKG-E6F228,DRV_32,Out for delivery,2026-08-05 12:54:30,,,,Cinere,112639,-
PKG-DF0BE2,DRV_15,Out for delivery,2026-08-05 13:31:40,,,,Limo,0,-
PKG-67F70F,DRV_28,Out for delivery,2026-08-05 13:11:50,,,,Cinere,28279,-
PKG-597570,DRV_17,Out for delivery,2026-08-05 13:44:46,,,,Limo,168569,-
PKG-5752C6,DRV_52,Out for delivery,2026-08-05 12:48:40,,,,Limo,0,-
PKG-652CA2,DRV_28,Out for delivery,2026-08-05 13:11:50,,,,Cinere,0,-
PKG-A45BF5,DRV_43,Out for delivery,2026-08-05 12:55:50,,,,Limo,0,-
PKG-22FB50,DRV_00,Out for delivery,2026-08-05 12:58:40,,,,Limo,0,-
PKG-F5641C,DRV_45,Out for delivery,2026-08-05 13:31:27,,,,Limo,0,-
PKG-0B9592,DRV_18,Out for delivery,2026-08-05 12:48:44,,,,Limo,399639,-
PKG-316BC2,DRV_43,Out for delivery,2026-08-05 13:53:14,,,,Limo,0,-
PKG-8ADD8F,DRV_13,Out for delivery,2026-08-05 12:45:32,,,,Cinere,0,-
PKG-1ABE2A,DRV_13,Out for delivery,2026-08-05 12:45:32,,,,Cinere,0,-
PKG-675624,DRV_38,Out for delivery,2026-08-05 13:37:19,,,,Limo,0,-
PKG-B2249C,DRV_00,Out for delivery,2026-08-05 07:43:15,,,,Limo,32421,-
PKG-AA031F,DRV_19,Out for delivery,2026-08-05 13:07:00,,,,Limo,13614,-
PKG-659AFC,DRV_56,Out for delivery,2026-08-05 13:30:33,,,,Cinere,13482,-
PKG-3D1C9E,DRV_24,Out for delivery,2026-08-05 13:01:46,,,,Cinere,31310,-
PKG-7DAB8D,DRV_29,Out for delivery,2026-08-05 12:48:34,,,,Cinere,0,-
PKG-C10184,DRV_04,Out for delivery,2026-08-05 13:11:21,,,,Limo,158266,-
PKG-FF6525,DRV_06,Out for delivery,2026-08-05 13:27:49,,,,Limo,0,-
PKG-9FC992,DRV_34,Out for delivery,2026-08-05 13:14:02,,,,Limo,0,-
PKG-7349B2,DRV_22,Out for delivery,2026-08-05 13:35:38,,,,Limo,0,-
PKG-2F9238,DRV_21,Out for delivery,2026-08-05 12:53:50,,,,Limo,0,-
PKG-F4D07B,DRV_29,Out for delivery,2026-08-05 12:48:34,,,,Cinere,101814,-
PKG-DAB6E9,DRV_18,Out for delivery,2026-08-05 12:48:44,,,,Limo,19089,-
PKG-C0320A,DRV_57,Out for delivery,2026-08-05 12:52:50,,,,Cinere,0,-
PKG-F1B8BF,DRV_25,Out for delivery,2026-08-05 13:13:19,,,,Cinere,0,-
PKG-1B6866,DRV_22,Out for delivery,2026-08-05 13:35:38,,,,Limo,127462,-
PKG-7F0D3C,DRV_00,Out for delivery,2026-08-05 12:58:40,,,,Limo,48238,-
PKG-AACBCF,DRV_15,Out for delivery,2026-08-05 13:31:40,,,,Limo,10696,-
PKG-821623,DRV_15,Out for delivery,2026-08-05 13:31:40,,,,Limo,0,-
PKG-9D3747,DRV_03,Out for delivery,2026-08-05 13:02:20,,,,Cinere,20806,-
PKG-70FEC7,DRV_38,Out for delivery,2026-08-05 12:50:49,,,,Limo,0,-
PKG-C827B9,DRV_06,Out for delivery,2026-08-05 13:27:49,,,,Limo,9595,-
PKG-A70C95,DRV_47,Out for delivery,2026-08-05 13:10:35,,,,Limo,0,-
PKG-CDD62E,DRV_28,Out for delivery,2026-08-05 13:11:50,,,,Cinere,25149,-
PKG-537667,DRV_16,Out for delivery,2026-08-05 12:54:24,,,,Limo,0,-
PKG-78E4E6,DRV_28,Out for delivery,2026-08-05 13:11:50,,,,Cinere,0,-
PKG-BDEC2E,DRV_52,Out for delivery,2026-08-05 13:43:13,,,,Limo,22220,-
PKG-116749,DRV_03,Out for delivery,2026-08-05 13:02:20,,,,Cinere,0,-
PKG-70964C,DRV_36,Out for delivery,2026-08-05 12:52:51,,,,Cinere,0,-
PKG-BFF4FD,DRV_57,Out for delivery,2026-08-05 12:52:50,,,,Cinere,33463,-
PKG-CCF8E8,DRV_32,Out for delivery,2026-08-05 12:54:30,,,,Cinere,17978,-
PKG-FD89F4,DRV_35,Out for delivery,2026-08-05 12:45:47,,,,Cinere,24996,-
PKG-182699,DRV_39,Out for delivery,2026-08-05 13:31:41,,,,Cinere,0,-
PKG-A2CC70,DRV_58,Out for delivery,2026-08-05 13:28:56,,,,Limo,135138,-
PKG-61A023,DRV_56,Out for delivery,2026-08-05 12:54:16,,,,Cinere,133971,-
PKG-0A7D87,DRV_35,Out for delivery,2026-08-05 12:46:01,,,,Cinere,0,-
PKG-8F8316,DRV_03,Out for delivery,2026-08-05 13:02:20,,,,Cinere,0,-
PKG-446ECE,DRV_36,Out for delivery,2026-08-05 12:52:51,,,,Cinere,0,-
PKG-47929A,DRV_03,Out for delivery,2026-08-05 13:02:20,,,,Cinere,0,-
PKG-69A0B7,DRV_36,Out for delivery,2026-08-05 12:52:51,,,,Cinere,0,-
PKG-36ADBE,DRV_00,Out for delivery,2026-08-05 12:58:40,,,,Limo,0,-
PKG-1E4543,DRV_27,Out for delivery,2026-08-05 07:53:08,,,,Limo,11110,-
PKG-11147D,DRV_33,Out for delivery,2026-08-05 13:00:41,,,,Cinere,56895,-
PKG-BA5310,DRV_51,Out for delivery,2026-08-05 13:22:46,,,,Cinere,168416,-
PKG-B94ACC,DRV_43,Out for delivery,2026-08-05 12:55:50,,,,Limo,0,-
PKG-423B35,DRV_33,Out for delivery,2026-08-05 13:00:41,,,,Cinere,37875,-
PKG-78BA94,DRV_23,Out for delivery,2026-08-05 12:49:48,,,,Limo,29430,-
PKG-190B8E,DRV_15,Out for delivery,2026-08-05 13:31:40,,,,Limo,20199,-
PKG-D36F7E,DRV_00,Out for delivery,2026-08-05 13:12:49,,,,Limo,19189,-
PKG-2A99F8,DRV_15,Out for delivery,2026-08-05 13:31:40,,,,Limo,105747,-
PKG-AD7ED8,DRV_03,Out for delivery,2026-08-05 07:47:26,,,,Cinere,33229,-
PKG-A6BE33,DRV_19,Out for delivery,2026-08-05 13:07:00,,,,Limo,58478,-
PKG-C0EA7A,DRV_26,Out for delivery,2026-08-05 12:58:52,,,,Cinere,11100,-
PKG-53F22D,DRV_56,Out for delivery,2026-08-05 12:54:16,,,,Cinere,0,-
PKG-A8DABC,DRV_16,Out for delivery,2026-08-05 07:46:43,,,,Limo,32134,-
PKG-7C1AF2,DRV_43,Out for delivery,2026-08-05 12:55:50,,,,Limo,0,-
PKG-AC4451,DRV_32,Out for delivery,2026-08-05 12:54:30,,,,Cinere,0,-
PKG-D4AFB6,DRV_43,Out for delivery,2026-08-05 12:55:50,,,,Limo,0,-
PKG-4B5A01,DRV_33,Out for delivery,2026-08-05 13:00:41,,,,Cinere,0,-
PKG-1EF6E8,DRV_17,Out for delivery,2026-08-05 07:47:30,,,,Limo,17876,-
PKG-A1C6CA,DRV_00,Out for delivery,2026-08-05 13:23:27,,,,Limo,68949,-
PKG-B30EF3,DRV_56,Out for delivery,2026-08-05 12:54:16,,,,Cinere,32256,-
PKG-F60449,DRV_27,Out for delivery,2026-08-05 12:54:55,,,,Limo,22826,-
PKG-6A6DCB,DRV_39,Out for delivery,2026-08-05 13:31:41,,,,Cinere,58479,-
PKG-34F6D3,DRV_28,Out for delivery,2026-08-05 13:11:50,,,,Cinere,0,-
PKG-BC3F3B,DRV_44,Out for delivery,2026-08-05 12:46:51,,,,Cinere,13129,-
PKG-4D335C,DRV_05,Out for delivery,2026-08-05 13:24:09,,,,Cinere,20705,-
PKG-7C4553,DRV_24,Out for delivery,2026-08-05 13:01:46,,,,Cinere,39528,-
PKG-6F986B,DRV_24,Out for delivery,2026-08-05 13:01:46,,,,Cinere,27904,-
PKG-B8C055,DRV_00,Out for delivery,2026-08-05 12:42:13,,,,Cinere,0,-
PKG-6AF540,DRV_03,Out for delivery,2026-08-05 13:02:20,,,,Cinere,169679,-
PKG-AD9143,DRV_18,Out for delivery,2026-08-05 12:48:44,,,,Limo,0,-
PKG-81520A,DRV_12,Out for delivery,2026-08-05 13:02:25,,,,Cinere,0,-
PKG-6EEAE7,DRV_14,Out for delivery,2026-08-05 12:43:53,,,,Cinere,47575,-
PKG-62C6DE,DRV_23,Out for delivery,2026-08-05 12:59:11,,,,Limo,0,-
PKG-D71715,DRV_58,Out for delivery,2026-08-05 13:28:56,,,,Limo,0,-
PKG-CF12CD,DRV_36,Out for delivery,2026-08-05 12:52:51,,,,Cinere,0,-
PKG-FD19E9,DRV_36,Out for delivery,2026-08-05 12:52:51,,,,Cinere,0,-
PKG-26723B,DRV_33,Out for delivery,2026-08-05 13:00:41,,,,Cinere,0,-
PKG-39DD94,DRV_56,Out for delivery,2026-08-05 12:54:16,,,,Cinere,0,-
PKG-C1DFEC,DRV_43,Out for delivery,2026-08-05 12:55:50,,,,Limo,76293,-
PKG-BD447E,DRV_35,Out for delivery,2026-08-05 12:45:47,,,,Cinere,18079,-
PKG-990BDB,DRV_12,Out for delivery,2026-08-05 13:02:25,,,,Cinere,12625,-
PKG-A1ACF9,DRV_25,Out for delivery,2026-08-05 07:58:33,,,,Cinere,66121,-
PKG-99EB2E,DRV_21,Out for delivery,2026-08-05 12:53:50,,,,Limo,0,-
PKG-397B7A,DRV_34,Out for delivery,2026-08-05 13:14:02,,,,Limo,28785,-
PKG-6EA3D0,DRV_19,Out for delivery,2026-08-05 08:21:33,,,,Limo,11812,-
PKG-2F9F61,DRV_15,Out for delivery,2026-08-05 13:31:40,,,,Limo,0,-
PKG-B61349,DRV_58,Out for delivery,2026-08-05 13:28:56,,,,Limo,0,-
PKG-F67D9F,DRV_49,Out for delivery,2026-08-05 13:24:16,,,,Limo,23230,-
PKG-F3615C,DRV_47,Out for delivery,2026-08-05 13:10:35,,,,Limo,0,-
PKG-E3B2BD,DRV_06,Out for delivery,2026-08-05 13:27:49,,,,Limo,96798,-
PKG-3A0681,DRV_35,Out for delivery,2026-08-05 13:06:01,,,,Cinere,0,-
PKG-0A93DD,DRV_00,Out for delivery,2026-08-05 12:42:13,,,,Cinere,48682,-
PKG-DA3C88,DRV_27,Out for delivery,2026-08-05 12:54:55,,,,Limo,34920,-
PKG-887CFA,DRV_27,Out for delivery,2026-08-05 12:54:55,,,,Limo,66659,-
PKG-789160,DRV_40,Out for delivery,2026-08-05 12:56:37,,,,Limo,0,-
PKG-E99970,DRV_15,Out for delivery,2026-08-05 13:31:40,,,,Limo,29189,-
PKG-DAF828,DRV_22,Out for delivery,2026-08-05 13:35:38,,,,Cinere,0,-
PKG-D661F4,DRV_34,Out for delivery,2026-08-05 13:14:02,,,,Limo,0,-
PKG-94888D,DRV_21,Out for delivery,2026-08-05 12:53:50,,,,Limo,97339,-
PKG-186529,DRV_24,Out for delivery,2026-08-05 13:01:46,,,,Cinere,31940,-
PKG-D45B2F,DRV_32,Out for delivery,2026-08-05 12:54:30,,,,Cinere,13029,-
PKG-30B7B5,DRV_12,Out for delivery,2026-08-05 13:02:25,,,,Cinere,0,-
PKG-E27185,DRV_23,Out for delivery,2026-08-05 12:49:48,,,,Limo,0,-
PKG-6470D4,DRV_00,Out for delivery,2026-08-05 13:42:28,,,,Limo,504939,-
PKG-F5B70E,DRV_50,Out for delivery,2026-08-05 12:50:19,,,,Cinere,0,-
PKG-BBED31,DRV_03,Out for delivery,2026-08-05 13:02:20,,,,Cinere,0,-
PKG-B0D06F,DRV_07,Out for delivery,2026-08-05 12:50:53,,,,Cinere,0,-
PKG-951E9B,DRV_00,Out for delivery,2026-08-05 13:42:28,,,,Limo,248803,-
PKG-AD5250,DRV_32,Out for delivery,2026-08-05 12:54:30,,,,Cinere,55348,-
PKG-16905F,DRV_51,Out for delivery,2026-08-05 13:22:46,,,,Cinere,19099,-
PKG-41752E,DRV_14,Out for delivery,2026-08-05 12:43:53,,,,Cinere,0,-
PKG-37FA70,DRV_17,Out for delivery,2026-08-05 13:44:46,,,,Limo,0,-
PKG-E72C92,DRV_00,Out for delivery,2026-08-05 13:42:28,,,,Limo,265363,-
PKG-4CE682,DRV_19,Out for delivery,2026-08-05 13:07:00,,,,Limo,136249,-
PKG-7226CF,DRV_00,Out for delivery,2026-08-05 13:42:28,,,,Limo,254290,-
PKG-236BA9,DRV_00,Out for delivery,2026-08-05 13:42:28,,,,Limo,249538,-
PKG-52AA8C,DRV_00,Out for delivery,2026-08-05 13:42:28,,,,Limo,507485,-
PKG-CA7D87,DRV_00,Out for delivery,2026-08-05 13:42:28,,,,Limo,264216,-
PKG-F4865F,DRV_00,Out for delivery,2026-08-05 13:42:28,,,,Limo,257807,-
PKG-B8B0F3,DRV_00,Out for delivery,2026-08-05 13:42:28,,,,Limo,263444,-
PKG-E624AB,DRV_00,Out for delivery,2026-08-05 13:42:28,,,,Limo,527224,-
PKG-8C5039,DRV_00,Out for delivery,2026-08-05 13:42:28,,,,Limo,264216,-
PKG-53A759,DRV_00,Out for delivery,2026-08-05 13:42:28,,,,Limo,265363,-
PKG-FBECB1,DRV_00,Out for delivery,2026-08-05 13:42:28,,,,Limo,248803,-
PKG-40C5F2,DRV_00,Out for delivery,2026-08-05 13:42:28,,,,Limo,265363,-
PKG-AF1BE7,DRV_19,Out for delivery,2026-08-05 13:07:00,,,,Limo,16160,-
PKG-ED2921,DRV_38,Out for delivery,2026-08-05 12:50:49,,,,Limo,16160,-
PKG-25E9B4,DRV_23,Out for delivery,2026-08-05 12:49:48,,,,Limo,23399,-
PKG-591C23,DRV_00,Out for delivery,2026-08-05 13:42:28,,,,Limo,265363,-
PKG-8142C4,DRV_36,Out for delivery,2026-08-05 12:58:35,,,,Cinere,0,-
PKG-6D1D21,DRV_28,Out for delivery,2026-08-05 13:11:50,,,,Cinere,39011,-
PKG-155984,DRV_00,Out for delivery,2026-08-05 13:42:28,,,,Limo,263444,-
PKG-240C10,DRV_18,Out for delivery,2026-08-05 12:48:44,,,,Limo,0,-
PKG-ECE997,DRV_57,Out for delivery,2026-08-05 12:52:50,,,,Cinere,0,-
PKG-05D28C,DRV_14,Out for delivery,2026-08-05 12:43:53,,,,Cinere,0,-
PKG-8D88A3,DRV_00,Out for delivery,2026-08-05 13:42:28,,,,Limo,265363,-
PKG-0DF9C3,DRV_00,Out for delivery,2026-08-05 13:42:28,,,,Limo,259974,-
PKG-F14E56,DRV_00,Out for delivery,2026-08-05 13:42:28,,,,Limo,265363,-
PKG-1AD348,DRV_00,Out for delivery,2026-08-05 13:42:28,,,,Limo,251349,-
PKG-294F89,DRV_00,Out for delivery,2026-08-05 13:42:28,,,,Limo,248803,-
PKG-073804,DRV_00,Out for delivery,2026-08-05 13:42:28,,,,Limo,507485,-
PKG-08280E,DRV_00,Out for delivery,2026-08-05 13:42:28,,,,Limo,251349,-
PKG-41A0E3,DRV_36,Out for delivery,2026-08-05 12:52:51,,,,Cinere,0,-
PKG-322F52,DRV_00,Out for delivery,2026-08-05 13:42:28,,,,Limo,261590,-
PKG-D95CF1,DRV_26,Out for delivery,2026-08-05 07:30:37,,,,Cinere,35431,-
PKG-B627F5,DRV_00,Out for delivery,2026-08-05 13:42:28,,,,Limo,253211,-
PKG-02C6E3,DRV_00,Out for delivery,2026-08-05 13:42:28,,,,Limo,248803,-
PKG-3C0011,DRV_00,Out for delivery,2026-08-05 13:42:28,,,,Limo,265363,-
PKG-6A4142,DRV_00,Out for delivery,2026-08-05 13:42:28,,,,Limo,507485,-
PKG-FB556E,DRV_46,Out for delivery,2026-08-05 13:08:59,,,,Cinere,21210,-
PKG-BF6C2B,DRV_00,Out for delivery,2026-08-05 13:42:28,,,,Limo,265363,-
PKG-08E07F,DRV_44,Out for delivery,2026-08-05 12:46:51,,,,Cinere,0,-
PKG-E97B1E,DRV_00,Out for delivery,2026-08-05 13:42:28,,,,Limo,265363,-
PKG-2C3488,DRV_00,Out for delivery,2026-08-05 13:42:28,,,,Limo,265363,-
PKG-61E474,DRV_00,Out for delivery,2026-08-05 13:42:28,,,,Limo,507485,-
PKG-A85EAF,DRV_00,Out for delivery,2026-08-05 13:42:28,,,,Limo,265363,-
PKG-3FC28C,DRV_00,Out for delivery,2026-08-05 13:42:28,,,,Limo,265363,-
PKG-5AB6A9,DRV_32,Out for delivery,2026-08-05 12:54:30,,,,Cinere,36157,-
PKG-77F538,DRV_58,Out for delivery,2026-08-05 13:28:56,,,,Cinere,16208,-
PKG-A6E645,DRV_00,Out for delivery,2026-08-05 13:42:28,,,,Limo,265363,-
PKG-8506B4,DRV_00,Out for delivery,2026-08-05 13:42:28,,,,Limo,265363,-
PKG-018AA2,DRV_00,Out for delivery,2026-08-05 13:42:28,,,,Limo,265363,-
PKG-74F72A,DRV_00,Out for delivery,2026-08-05 13:42:28,,,,Limo,265363,-
PKG-F81738,DRV_00,Out for delivery,2026-08-05 13:42:28,,,,Limo,250638,-
PKG-995273,DRV_00,Out for delivery,2026-08-05 13:42:28,,,,Limo,265363,-
PKG-DA66FB,DRV_23,Out for delivery,2026-08-05 12:49:48,,,,Limo,0,-
PKG-45BCFF,DRV_00,Out for delivery,2026-08-05 13:42:28,,,,Limo,265363,-
PKG-F2675E,DRV_00,Out for delivery,2026-08-05 13:42:28,,,,Limo,526149,-
PKG-6D68F9,DRV_00,Out for delivery,2026-08-05 13:42:28,,,,Limo,265363,-
PKG-904AD5,DRV_46,Out for delivery,2026-08-05 13:08:59,,,,Cinere,41006,-
PKG-A3C863,DRV_24,Out for delivery,2026-08-05 13:01:46,,,,Cinere,0,-
PKG-7CF4EF,DRV_00,Out for delivery,2026-08-05 13:42:28,,,,Limo,251349,-
PKG-7A6078,DRV_00,Out for delivery,2026-08-05 13:42:28,,,,Limo,248803,-
PKG-0B35DE,DRV_36,Out for delivery,2026-08-05 12:53:18,,,,Cinere,0,-
PKG-BB4B20,DRV_35,Out for delivery,2026-08-05 13:06:00,,,,Cinere,0,-
PKG-BFD60D,DRV_00,Out for delivery,2026-08-05 13:42:28,,,,Limo,249729,-
PKG-D8E8DD,DRV_00,Out for delivery,2026-08-05 13:42:28,,,,Limo,502414,-
PKG-C1BF5C,DRV_00,Out for delivery,2026-08-05 13:42:28,,,,Limo,263343,-
PKG-3C24B6,DRV_00,Out for delivery,2026-08-05 13:42:28,,,,Limo,251547,-
PKG-B3D4C9,DRV_28,Out for delivery,2026-08-05 13:29:42,,,,Cinere,0,-
PKG-1B6D48,DRV_00,Out for delivery,2026-08-05 13:42:28,,,,Limo,248803,-
PKG-D68032,DRV_00,Out for delivery,2026-08-05 13:42:28,,,,Limo,254290,-
PKG-5D2C9E,DRV_18,Out for delivery,2026-08-05 12:48:44,,,,Limo,50164,-
PKG-4B61C5,DRV_37,Out for delivery,2026-08-05 12:52:20,,,,Limo,34442,-
PKG-FEAF92,DRV_15,Out for delivery,2026-08-05 13:31:40,,,,Limo,12322,-
PKG-AEE026,DRV_52,Out for delivery,2026-08-05 12:48:40,,,,Limo,7636,-
PKG-520B94,DRV_00,Out for delivery,2026-08-05 13:42:28,,,,Limo,504939,-
PKG-949DFB,DRV_28,Out for delivery,2026-08-05 07:35:59,,,,Cinere,93343,-
PKG-BA05E7,DRV_00,Out for delivery,2026-08-05 13:42:28,,,,Limo,256992,-
PKG-1AA3CA,DRV_19,Out for delivery,2026-08-05 13:07:00,,,,Limo,7717,-
PKG-51C4BD,DRV_32,Out for delivery,2026-08-05 12:54:30,,,,Cinere,134815,-
PKG-A1D75E,DRV_26,Out for delivery,2026-08-05 12:58:52,,,,Cinere,0,-
PKG-7F68BA,DRV_00,Out for delivery,2026-08-05 13:42:28,,,,Limo,251349,-
PKG-198FC3,DRV_00,Out for delivery,2026-08-05 13:42:28,,,,Limo,501505,-
PKG-EB6113,DRV_31,Out for delivery,2026-08-05 13:22:02,,,,Limo,131401,-
PKG-9D1DAB,DRV_00,Out for delivery,2026-08-05 13:42:28,,,,Limo,255672,-
PKG-7457F9,DRV_00,Out for delivery,2026-08-05 13:42:28,,,,Limo,248803,-
PKG-2EF993,DRV_44,Out for delivery,2026-08-05 12:46:51,,,,Cinere,29088,-
PKG-C075F8,DRV_00,Out for delivery,2026-08-05 13:42:28,,,,Limo,516082,-
PKG-E9A113,DRV_00,Out for delivery,2026-08-05 13:42:28,,,,Limo,516082,-
PKG-B3BE13,DRV_00,Out for delivery,2026-08-05 13:42:28,,,,Limo,504939,-
PKG-0CFE4B,DRV_33,Out for delivery,2026-08-05 13:00:41,,,,Cinere,0,-
PKG-E59448,DRV_51,Out for delivery,2026-08-05 13:22:46,,,,Cinere,83931,-
PKG-B1B01A,DRV_28,Out for delivery,2026-08-05 07:35:59,,,,Cinere,32170,-
PKG-7F6355,DRV_00,Out for delivery,2026-08-05 13:42:28,,,,Limo,260277,-
PKG-53E62B,DRV_00,Out for delivery,2026-08-05 13:42:28,,,,Limo,502414,-
PKG-049B89,DRV_00,Out for delivery,2026-08-05 13:42:28,,,,Limo,520661,-
PKG-7187BF,DRV_00,Out for delivery,2026-08-05 13:42:28,,,,Limo,504939,-
PKG-947AF6,DRV_34,Out for delivery,2026-08-05 07:51:29,,,,Limo,166827,-
PKG-EC8878,DRV_13,Out for delivery,2026-08-05 12:45:32,,,,Cinere,80671,-
PKG-C5C106,DRV_31,Out for delivery,2026-08-05 13:22:02,,,,Limo,319716,-
PKG-A04B0F,DRV_50,Out for delivery,2026-08-05 12:50:19,,,,Cinere,0,-
PKG-6C5D2A,DRV_24,Out for delivery,2026-08-05 13:01:46,,,,Cinere,11613,-
PKG-66E80D,DRV_36,Out for delivery,2026-08-05 12:52:51,,,,Cinere,41510,-
PKG-CDA1B2,DRV_16,Out for delivery,2026-08-05 12:54:24,,,,Limo,35552,-
PKG-26DED5,DRV_50,Out for delivery,2026-08-05 12:50:19,,,,Cinere,0,-
PKG-9A7E28,DRV_16,Out for delivery,2026-08-05 12:54:24,,,,Limo,36359,-
PKG-48DBC9,DRV_33,Out for delivery,2026-08-05 13:00:41,,,,Cinere,0,-
PKG-B6C914,DRV_49,Out for delivery,2026-08-05 13:24:16,,,,Limo,14736,-
PKG-2B9F11,DRV_00,Out for delivery,2026-08-05 12:58:40,,,,Limo,41409,-
PKG-D9B97B,DRV_20,Out for delivery,2026-08-05 13:21:02,,,,Limo,38480,-
PKG-B2EF95,DRV_15,Out for delivery,2026-08-05 13:31:40,,,,Limo,14095,-
PKG-07E3CC,DRV_29,Out for delivery,2026-08-05 12:48:34,,,,Cinere,86165,-
PKG-3F94AE,DRV_17,Out for delivery,2026-08-05 07:47:30,,,,Limo,26159,-
PKG-068F0F,DRV_24,Out for delivery,2026-08-05 07:34:07,,,,Cinere,0,-
PKG-57E11C,DRV_45,Out for delivery,2026-08-05 13:31:27,,,,Limo,45085,-
PKG-D09B3A,DRV_17,Out for delivery,2026-08-05 13:44:46,,,,Limo,21109,-
PKG-03F331,DRV_45,Out for delivery,2026-08-05 13:31:27,,,,Limo,0,-
PKG-09C0CB,DRV_05,Out for delivery,2026-08-05 13:24:09,,,,Cinere,0,-
PKG-587812,DRV_17,Out for delivery,2026-08-05 13:44:46,,,,Limo,18988,-
PKG-5B92E0,DRV_25,Out for delivery,2026-08-05 13:13:19,,,,Cinere,0,-
PKG-48DB05,DRV_44,Out for delivery,2026-08-05 12:46:51,,,,Cinere,0,-
PKG-255FDD,DRV_00,Out for delivery,2026-08-05 12:42:13,,,,Cinere,33835,-
PKG-9A7A2E,DRV_21,Out for delivery,2026-08-05 12:53:50,,,,Limo,45248,-
PKG-9FDE09,DRV_36,Out for delivery,2026-08-05 12:52:51,,,,Cinere,0,-
PKG-A11C24,DRV_40,Out for delivery,2026-08-05 12:56:37,,,,Limo,60360,-
PKG-17C2B4,DRV_22,Out for delivery,2026-08-05 13:35:38,,,,Limo,31698,-
PKG-0BF9B4,DRV_36,Out for delivery,2026-08-05 12:52:51,,,,Cinere,0,-
PKG-E89EDE,DRV_33,Out for delivery,2026-08-05 13:00:41,,,,Cinere,71965,-
PKG-566E05,DRV_56,Out for delivery,2026-08-05 12:54:16,,,,Cinere,0,-
PKG-C82653,DRV_00,Out for delivery,2026-08-05 13:23:27,,,,Limo,72451,-
PKG-BC056B,DRV_34,Out for delivery,2026-08-05 13:14:02,,,,Limo,21715,-
PKG-38CEFA,DRV_51,Out for delivery,2026-08-05 13:22:46,,,,Cinere,17069,-
PKG-5AC25A,DRV_06,Out for delivery,2026-08-05 13:27:49,,,,Limo,0,-
PKG-A77996,DRV_54,Out for delivery,2026-08-05 13:01:46,,,,Cinere,116251,-
PKG-7419D1,DRV_50,Out for delivery,2026-08-05 12:50:19,,,,Cinere,87193,-
PKG-F6B27D,DRV_00,Out for delivery,2026-08-05 12:42:13,,,,Cinere,0,-
PKG-32B852,DRV_00,Out for delivery,2026-08-05 13:23:27,,,,Limo,33936,-
PKG-02CF9B,DRV_43,Out for delivery,2026-08-05 12:55:50,,,,Limo,0,-
PKG-683042,DRV_50,Out for delivery,2026-08-05 12:50:19,,,,Cinere,0,-
PKG-9E9F79,DRV_03,Out for delivery,2026-08-05 13:02:20,,,,Cinere,0,-
PKG-962700,DRV_03,Out for delivery,2026-08-05 13:02:20,,,,Cinere,0,-
PKG-DB2D41,DRV_28,Out for delivery,2026-08-05 13:11:50,,,,Cinere,46064,-
PKG-82EBAE,DRV_40,Out for delivery,2026-08-05 12:56:37,,,,Limo,30650,-
PKG-0CC23C,DRV_27,Out for delivery,2026-08-05 12:54:55,,,,Limo,35249,-
PKG-52796A,DRV_34,Out for delivery,2026-08-05 13:14:02,,,,Limo,0,-
PKG-2201EE,DRV_18,Out for delivery,2026-08-05 12:48:44,,,,Limo,0,-
PKG-4F114C,DRV_28,Out for delivery,2026-08-05 13:11:50,,,,Cinere,0,-
PKG-1C3FC8,DRV_29,Out for delivery,2026-08-05 12:48:34,,,,Cinere,0,-
PKG-1BE1F9,DRV_36,Out for delivery,2026-08-05 12:52:51,,,,Cinere,70093,-
PKG-10BE3C,DRV_17,Out for delivery,2026-08-05 13:44:46,,,,Limo,262600,-
PKG-9EC62B,DRV_19,Out for delivery,2026-08-05 13:07:00,,,,Limo,0,-
PKG-CDDDAF,DRV_52,Out for delivery,2026-08-05 12:48:40,,,,Limo,166568,-
PKG-8CE007,DRV_51,Out for delivery,2026-08-05 13:22:46,,,,Cinere,0,-
PKG-3F0EF5,DRV_27,Out for delivery,2026-08-05 12:54:55,,,,Limo,0,-
PKG-383F0D,DRV_36,Out for delivery,2026-08-05 12:52:51,,,,Cinere,0,-
PKG-C0F666,DRV_13,Out for delivery,2026-08-05 12:45:32,,,,Cinere,0,-
PKG-F4A00A,DRV_36,Out for delivery,2026-08-05 12:52:51,,,,Cinere,8030,-
PKG-77B4DD,DRV_13,Out for delivery,2026-08-05 12:45:32,,,,Cinere,77108,-
PKG-B891BA,DRV_14,Out for delivery,2026-08-05 12:43:53,,,,Cinere,23227,-
PKG-FE5632,DRV_50,Out for delivery,2026-08-05 12:50:19,,,,Cinere,0,-
PKG-EF0F09,DRV_36,Out for delivery,2026-08-05 07:44:21,,,,Cinere,68781,-
PKG-6BD03D,DRV_32,Out for delivery,2026-08-05 12:54:30,,,,Cinere,0,-
PKG-730501,DRV_50,Out for delivery,2026-08-05 12:50:19,,,,Cinere,8282,-
PKG-62D051,DRV_43,Out for delivery,2026-08-05 12:55:50,,,,Limo,0,-
PKG-02FC0B,DRV_00,Out for delivery,2026-08-05 13:23:27,,,,Limo,16160,-
PKG-68FCD1,DRV_43,Out for delivery,2026-08-05 12:55:50,,,,Limo,0,-
PKG-4C0E0B,DRV_32,Out for delivery,2026-08-05 12:54:30,,,,Cinere,5737,-
PKG-8B698B,DRV_05,Out for delivery,2026-08-05 13:24:09,,,,Cinere,8585,-
PKG-BCD5BD,DRV_25,Out for delivery,2026-08-05 13:13:19,,,,Cinere,73427,-
PKG-C8FE6C,DRV_16,Out for delivery,2026-08-05 12:54:24,,,,Limo,54508,-
PKG-07848B,DRV_00,Out for delivery,2026-08-05 07:49:23,,,,Limo,54338,-
PKG-58313E,DRV_24,Out for delivery,2026-08-05 07:34:07,,,,Cinere,37370,-
PKG-C569C4,DRV_56,Out for delivery,2026-08-05 12:54:16,,,,Cinere,7767,-
PKG-C85608,DRV_25,Out for delivery,2026-08-05 13:13:19,,,,Cinere,87820,-
PKG-5B3197,DRV_33,Out for delivery,2026-08-05 13:00:41,,,,Cinere,17902,-
PKG-CC9557,DRV_38,Out for delivery,2026-08-05 12:50:49,,,,Limo,55683,-
PKG-60977A,DRV_52,Out for delivery,2026-08-05 12:48:40,,,,Limo,88464,-
PKG-D6286A,DRV_20,Out for delivery,2026-08-05 13:21:02,,,,Limo,0,-
PKG-13F774,DRV_58,Out for delivery,2026-08-05 13:28:56,,,,Limo,14139,-
PKG-0E62F7,DRV_12,Out for delivery,2026-08-05 13:02:25,,,,Cinere,57974,-
PKG-E1B75D,DRV_17,Out for delivery,2026-08-05 13:44:46,,,,Limo,0,-
PKG-0E086A,DRV_05,Out for delivery,2026-08-05 13:24:09,,,,Cinere,22119,-
PKG-113905,DRV_21,Out for delivery,2026-08-05 12:53:50,,,,Limo,0,-
PKG-2BB49F,DRV_15,Out for delivery,2026-08-05 13:53:32,,,,Limo,0,-
PKG-D44B69,DRV_47,Out for delivery,2026-08-05 13:10:35,,,,Limo,0,-
PKG-6D7BC4,DRV_16,Out for delivery,2026-08-05 12:54:24,,,,Limo,108926,-
PKG-98A1C5,DRV_39,Out for delivery,2026-08-05 13:31:41,,,,Cinere,0,-
PKG-52D9EE,DRV_50,Out for delivery,2026-08-05 12:50:19,,,,Cinere,0,-
PKG-79CC8C,DRV_44,Out for delivery,2026-08-05 12:46:51,,,,Cinere,46763,-
PKG-8D8D79,DRV_07,Out for delivery,2026-08-05 13:11:27,,,,Cinere,0,-
PKG-D471DA,DRV_37,Out for delivery,2026-08-05 12:52:20,,,,Limo,0,-
PKG-A2F340,DRV_58,Out for delivery,2026-08-05 13:28:56,,,,Cinere,51712,-
PKG-D90506,DRV_37,Out for delivery,2026-08-05 12:59:22,,,,Limo,0,-
PKG-6DED0B,DRV_15,Out for delivery,2026-08-05 13:31:40,,,,Limo,23735,-
PKG-CCA406,DRV_19,Out for delivery,2026-08-05 08:21:33,,,,Limo,21210,-
PKG-983282,DRV_25,Out for delivery,2026-08-05 13:13:19,,,,Cinere,0,-
PKG-23F526,DRV_21,Out for delivery,2026-08-05 12:53:50,,,,Limo,15150,-
PKG-700D7D,DRV_46,Out for delivery,2026-08-05 13:08:59,,,,Cinere,8080,-
PKG-21E6F1,DRV_04,Out for delivery,2026-08-05 13:11:21,,,,Limo,108854,-
PKG-40E098,DRV_30,Out for delivery,2026-08-05 13:02:44,,,,Limo,0,-
PKG-F2F802,DRV_00,Out for delivery,2026-08-05 13:23:27,,,,Limo,19998,-
PKG-2E23EF,DRV_11,Out for delivery,2026-08-05 12:46:00,,,,Limo,64608,-
PKG-AAE8C9,DRV_30,Out for delivery,2026-08-05 13:02:29,,,,Limo,69973,-
PKG-3A6582,DRV_58,Out for delivery,2026-08-05 13:28:56,,,,Cinere,49893,-
PKG-4C844B,DRV_52,Out for delivery,2026-08-05 07:42:35,,,,Limo,24962,-
PKG-D3ED74,DRV_18,Out for delivery,2026-08-05 12:48:44,,,,Limo,104658,-
PKG-97312E,DRV_21,Out for delivery,2026-08-05 12:53:50,,,,Limo,0,-
PKG-EAD200,DRV_17,Out for delivery,2026-08-05 13:44:46,,,,Limo,31814,-
PKG-FBC337,DRV_03,Out for delivery,2026-08-05 13:02:20,,,,Cinere,0,-
PKG-A4B7D6,DRV_33,Out for delivery,2026-08-05 13:00:41,,,,Cinere,0,-
PKG-F29E0C,DRV_14,Out for delivery,2026-08-05 12:43:53,,,,Cinere,84801,-
PKG-42CDE5,DRV_17,Out for delivery,2026-08-05 13:44:46,,,,Cinere,0,-
PKG-06CC35,DRV_16,Out for delivery,2026-08-05 12:54:24,,,,Limo,0,-
PKG-E2B990,DRV_13,Out for delivery,2026-08-05 12:52:38,,,,Cinere,0,-
PKG-217439,DRV_31,Out for delivery,2026-08-05 13:22:02,,,,Limo,13382,-
PKG-ED8E80,DRV_52,Out for delivery,2026-08-05 12:48:40,,,,Limo,0,-
PKG-8F8489,DRV_44,Out for delivery,2026-08-05 12:46:51,,,,Cinere,11956,-
PKG-BB5AF6,DRV_31,Out for delivery,2026-08-05 13:22:02,,,,Limo,0,-
PKG-058B4E,DRV_33,Out for delivery,2026-08-05 13:00:41,,,,Cinere,11262,-
PKG-F2A29F,DRV_18,Out for delivery,2026-08-05 12:55:05,,,,Limo,19089,-
PKG-025360,DRV_38,Out for delivery,2026-08-05 12:50:49,,,,Limo,0,-
PKG-7164F3,DRV_14,Out for delivery,2026-08-05 12:43:53,,,,Cinere,0,-
PKG-82497D,DRV_35,Out for delivery,2026-08-05 13:06:01,,,,Cinere,0,-
PKG-DB4FFB,DRV_05,Out for delivery,2026-08-05 13:24:09,,,,Cinere,41409,-
PKG-D3524D,DRV_21,Out for delivery,2026-08-05 12:53:50,,,,Limo,0,-
PKG-775B8C,DRV_36,Out for delivery,2026-08-05 12:52:51,,,,Cinere,0,-
PKG-F34AB2,DRV_03,Out for delivery,2026-08-05 13:02:20,,,,Cinere,0,-
PKG-DF454C,DRV_03,Out for delivery,2026-08-05 13:02:20,,,,Cinere,0,-
PKG-435029,DRV_43,Out for delivery,2026-08-05 12:55:50,,,,Limo,0,-
PKG-B27517,DRV_51,Out for delivery,2026-08-05 13:22:46,,,,Cinere,115240,-
PKG-02B68D,DRV_51,Out for delivery,2026-08-05 13:22:46,,,,Cinere,30401,-
PKG-3975D9,DRV_03,Out for delivery,2026-08-05 13:02:20,,,,Cinere,0,-
PKG-3BCE76,DRV_37,Out for delivery,2026-08-05 12:52:20,,,,Limo,98975,-
PKG-CCF0F9,DRV_40,Out for delivery,2026-08-05 12:56:37,,,,Limo,62328,-
PKG-861B86,DRV_54,Out for delivery,2026-08-05 13:01:46,,,,Cinere,0,-
PKG-B590AD,DRV_25,Out for delivery,2026-08-05 13:13:19,,,,Cinere,0,-
PKG-DB6392,DRV_25,Out for delivery,2026-08-05 13:13:19,,,,Cinere,11109,-
PKG-29ABD7,DRV_40,Out for delivery,2026-08-05 12:56:37,,,,Limo,0,-
PKG-BE110D,DRV_00,Out for delivery,2026-08-05 13:57:44,,,,Limo,0,-
PKG-2BB34F,DRV_03,Out for delivery,2026-08-05 13:02:20,,,,Cinere,0,-
PKG-909AFE,DRV_49,Out for delivery,2026-08-05 13:24:16,,,,Limo,0,-
PKG-A5908A,DRV_34,Out for delivery,2026-08-05 13:14:02,,,,Limo,18332,-
PKG-6B4B0E,DRV_58,Out for delivery,2026-08-05 13:28:56,,,,Cinere,9183,-
PKG-985F05,DRV_50,Out for delivery,2026-08-05 12:59:31,,,,Cinere,20199,-
PKG-C4784D,DRV_54,Out for delivery,2026-08-05 13:01:46,,,,Cinere,0,-
PKG-FD292D,DRV_19,Out for delivery,2026-08-05 13:07:00,,,,Limo,0,-
PKG-916732,DRV_43,Out for delivery,2026-08-05 12:55:50,,,,Limo,26866,-
PKG-439C48,DRV_58,Out for delivery,2026-08-05 13:28:56,,,,Limo,0,-
PKG-AB5757,DRV_06,Out for delivery,2026-08-05 13:27:49,,,,Limo,0,-
PKG-BF3D54,DRV_25,Out for delivery,2026-08-05 13:13:19,,,,Cinere,62637,-
PKG-88900D,DRV_04,Out for delivery,2026-08-05 13:11:21,,,,Limo,40621,-
PKG-C82FC7,DRV_04,Out for delivery,2026-08-05 13:11:21,,,,Limo,0,-
PKG-FACBE5,DRV_36,Out for delivery,2026-08-05 12:52:51,,,,Cinere,62284,-
PKG-921546,DRV_30,Out for delivery,2026-08-05 13:02:29,,,,Limo,65145,-
PKG-08DD24,DRV_38,Out for delivery,2026-08-05 12:50:49,,,,Limo,93223,-
PKG-1721CB,DRV_00,Out for delivery,2026-08-05 13:23:27,,,,Limo,48884,-
PKG-6C70A1,DRV_54,Out for delivery,2026-08-05 13:01:46,,,,Cinere,0,-
PKG-A240EA,DRV_16,Out for delivery,2026-08-05 12:54:24,,,,Limo,30704,-
PKG-B05B2B,DRV_32,Out for delivery,2026-08-05 12:54:30,,,,Cinere,0,-
PKG-3CC1A8,DRV_16,Out for delivery,2026-08-05 12:54:24,,,,Limo,0,-
PKG-632D3B,DRV_18,Out for delivery,2026-08-05 12:48:44,,,,Limo,0,-
PKG-179C06,DRV_04,Out for delivery,2026-08-05 07:49:06,,,,Limo,21421,-
PKG-0AD6D3,DRV_32,Out for delivery,2026-08-05 12:54:30,,,,Cinere,12624,-
PKG-8BD12A,DRV_30,Out for delivery,2026-08-05 13:02:29,,,,Limo,0,-
PKG-11A485,DRV_30,Out for delivery,2026-08-05 13:02:29,,,,Limo,0,-
PKG-7547BB,DRV_15,Out for delivery,2026-08-05 13:31:40,,,,Limo,0,-
PKG-7A9FB1,DRV_36,Out for delivery,2026-08-05 12:52:51,,,,Cinere,0,-
PKG-234B0B,DRV_56,Out for delivery,2026-08-05 12:54:16,,,,Cinere,36360,-
PKG-E9ABCF,DRV_36,Out for delivery,2026-08-05 12:52:51,,,,Cinere,0,-
PKG-34DB0D,DRV_17,Out for delivery,2026-08-05 13:44:46,,,,Limo,84673,-
PKG-C28CA1,DRV_54,Out for delivery,2026-08-05 13:01:46,,,,Cinere,0,-
PKG-7BEA74,DRV_20,Out for delivery,2026-08-05 13:21:02,,,,Limo,306427,-
PKG-38CA53,DRV_37,Out for delivery,2026-08-05 12:52:20,,,,Limo,22826,-
PKG-DA9679,DRV_27,Out for delivery,2026-08-05 12:54:55,,,,Limo,9595,-
PKG-3EC1C6,DRV_33,Out for delivery,2026-08-05 13:00:41,,,,Cinere,0,-
PKG-D3ADA6,DRV_35,Out for delivery,2026-08-05 13:05:59,,,,Cinere,51914,-
PKG-CC5E9D,DRV_39,Out for delivery,2026-08-05 13:31:41,,,,Cinere,24139,-
PKG-591BA4,DRV_44,Out for delivery,2026-08-05 12:46:51,,,,Cinere,98376,-
PKG-9CC4D4,DRV_27,Out for delivery,2026-08-05 12:54:55,,,,Limo,38185,-
PKG-9EACD2,DRV_40,Out for delivery,2026-08-05 12:56:37,,,,Limo,0,-
PKG-BF9D7D,DRV_20,Out for delivery,2026-08-05 13:21:02,,,,Limo,47268,-
PKG-E28DFD,DRV_37,Out for delivery,2026-08-05 12:58:54,,,,Limo,68438,-
PKG-7335A2,DRV_45,Out for delivery,2026-08-05 13:31:27,,,,Limo,14492,-
PKG-988540,DRV_14,Out for delivery,2026-08-05 12:43:53,,,,Cinere,0,-
PKG-DDEEDD,DRV_44,Out for delivery,2026-08-05 12:46:51,,,,Cinere,56600,-
PKG-356810,DRV_12,Out for delivery,2026-08-05 13:02:25,,,,Cinere,56459,-
PKG-0A1BAC,DRV_50,Out for delivery,2026-08-05 12:50:19,,,,Cinere,51913,-
PKG-D2437E,DRV_19,Out for delivery,2026-08-05 13:07:00,,,,Limo,0,-
PKG-102FA4,DRV_03,Out for delivery,2026-08-05 13:02:20,,,,Cinere,0,-
PKG-308A8C,DRV_56,Out for delivery,2026-08-05 12:54:16,,,,Cinere,50500,-
PKG-0366F4,DRV_44,Out for delivery,2026-08-05 12:46:51,,,,Cinere,56600,-
PKG-5AAF3F,DRV_32,Out for delivery,2026-08-05 12:54:30,,,,Cinere,0,-
PKG-9ED1AB,DRV_11,Out for delivery,2026-08-05 12:58:09,,,,Limo,88070,-
PKG-BB2A9A,DRV_12,Out for delivery,2026-08-05 13:02:25,,,,Cinere,19692,-
PKG-15F642,DRV_50,Out for delivery,2026-08-05 12:50:19,,,,Cinere,10908,-
PKG-D26530,DRV_05,Out for delivery,2026-08-05 13:24:09,,,,Cinere,51913,-
PKG-9194C4,DRV_24,Out for delivery,2026-08-05 13:01:46,,,,Cinere,19594,-
PKG-33B6A3,DRV_51,Out for delivery,2026-08-05 13:22:46,,,,Cinere,22700,-
PKG-75476C,DRV_04,Out for delivery,2026-08-05 13:11:21,,,,Limo,16195,-
PKG-9BE548,DRV_40,Out for delivery,2026-08-05 12:56:37,,,,Limo,63219,-
PKG-8FA406,DRV_33,Out for delivery,2026-08-05 13:00:41,,,,Cinere,18180,-
PKG-AB2AA7,DRV_18,Out for delivery,2026-08-05 12:48:44,,,,Limo,0,-
PKG-5F4CF5,DRV_34,Out for delivery,2026-08-05 13:14:02,,,,Limo,0,-
PKG-943D66,DRV_37,Out for delivery,2026-08-05 12:52:20,,,,Limo,86355,-
PKG-4D198E,DRV_33,Out for delivery,2026-08-05 13:00:41,,,,Cinere,0,-
PKG-AE4277,DRV_56,Out for delivery,2026-08-05 12:54:16,,,,Cinere,15148,-
PKG-A0289D,DRV_03,Out for delivery,2026-08-05 13:02:20,,,,Cinere,309858,-
PKG-F06A75,DRV_21,Out for delivery,2026-08-05 12:53:50,,,,Limo,29391,-
PKG-338DAF,DRV_39,Out for delivery,2026-08-05 13:31:41,,,,Cinere,57974,-
PKG-E65434,DRV_12,Out for delivery,2026-08-05 13:02:25,,,,Cinere,0,-
PKG-8F15A7,DRV_25,Out for delivery,2026-08-05 13:13:19,,,,Cinere,36933,-
PKG-C67DE8,DRV_44,Out for delivery,2026-08-05 12:46:51,,,,Cinere,0,-
PKG-EB167A,DRV_58,Out for delivery,2026-08-05 13:28:56,,,,Cinere,154429,-
PKG-5D1650,DRV_54,Out for delivery,2026-08-05 13:01:46,,,,Cinere,56139,-
PKG-06ABAE,DRV_54,Out for delivery,2026-08-05 13:01:46,,,,Cinere,18786,-
PKG-75465C,DRV_23,Out for delivery,2026-08-05 12:49:48,,,,Limo,0,-
PKG-EF9A9D,DRV_27,Out for delivery,2026-08-05 12:54:55,,,,Limo,11418,-
PKG-1668C4,DRV_37,Out for delivery,2026-08-05 12:52:20,,,,Limo,20639,-
PKG-D02400,DRV_03,Out for delivery,2026-08-05 13:02:20,,,,Cinere,263339,-
PKG-9C8F9B,DRV_52,Out for delivery,2026-08-05 12:48:40,,,,Limo,37917,-
PKG-3E3BE3,DRV_33,Out for delivery,2026-08-05 13:00:41,,,,Cinere,0,-
PKG-2D6EDA,DRV_04,Out for delivery,2026-08-05 13:11:21,,,,Limo,55219,-
PKG-A5175F,DRV_24,Out for delivery,2026-08-05 07:34:07,,,,Cinere,0,-
PKG-4FFEDE,DRV_33,Out for delivery,2026-08-05 13:00:41,,,,Cinere,17170,-
PKG-857CD9,DRV_21,Out for delivery,2026-08-05 12:53:50,,,,Limo,20199,-
PKG-1936B7,DRV_04,Out for delivery,2026-08-05 13:11:21,,,,Limo,0,-
PKG-9FAD49,DRV_56,Out for delivery,2026-08-05 12:54:16,,,,Cinere,0,-
PKG-43B656,DRV_19,Out for delivery,2026-08-05 13:07:00,,,,Limo,0,-
PKG-60C655,DRV_40,Out for delivery,2026-08-05 13:07:05,,,,Limo,49086,-
PKG-41C82A,DRV_22,Out for delivery,2026-08-05 13:35:38,,,,Limo,0,-
PKG-5AFC58,DRV_22,Out for delivery,2026-08-05 13:35:38,,,,Cinere,36232,-
PKG-5D863C,DRV_52,Out for delivery,2026-08-05 12:48:40,,,,Limo,0,-
PKG-83A7A9,DRV_16,Out for delivery,2026-08-05 12:54:24,,,,Limo,36702,-
PKG-E48831,DRV_29,Out for delivery,2026-08-05 12:48:34,,,,Cinere,0,-
PKG-B72094,DRV_00,Out for delivery,2026-08-05 12:42:13,,,,Cinere,0,-
PKG-5EB87F,DRV_39,Out for delivery,2026-08-05 13:31:41,,,,Cinere,0,-
PKG-14814B,DRV_46,Out for delivery,2026-08-05 13:08:59,,,,Cinere,78981,-
PKG-4AFB3B,DRV_23,Out for delivery,2026-08-05 07:50:47,,,,Limo,29290,-
PKG-CB1578,DRV_13,Out for delivery,2026-08-05 12:52:38,,,,Cinere,0,-
PKG-3724DF,DRV_58,Out for delivery,2026-08-05 13:28:56,,,,Limo,0,-
PKG-985216,DRV_58,Out for delivery,2026-08-05 13:28:56,,,,Limo,136653,-
PKG-3A9D1E,DRV_30,Out for delivery,2026-08-05 13:02:29,,,,Limo,21109,-
PKG-ACA27D,DRV_30,Out for delivery,2026-08-05 07:41:55,,,,Limo,40804,-
PKG-CCC49F,DRV_21,Out for delivery,2026-08-05 12:53:50,,,,Limo,17675,-
PKG-7AEB87,DRV_57,Out for delivery,2026-08-05 13:48:11,,,,Cinere,27269,-
PKG-3BD5D6,DRV_28,Out for delivery,2026-08-05 13:11:50,,,,Cinere,0,-
PKG-5F42B2,DRV_40,Out for delivery,2026-08-05 12:56:37,,,,Limo,25956,-
PKG-E9451B,DRV_32,Out for delivery,2026-08-05 12:54:30,,,,Cinere,0,-
PKG-F32E61,DRV_39,Out for delivery,2026-08-05 13:31:41,,,,Cinere,0,-
PKG-897977,DRV_57,Out for delivery,2026-08-05 12:52:50,,,,Cinere,27269,-
PKG-043356,DRV_15,Out for delivery,2026-08-05 13:31:40,,,,Limo,35855,-
PKG-C19496,DRV_22,Out for delivery,2026-08-05 13:35:38,,,,Cinere,0,-
PKG-FEFAF9,DRV_46,Out for delivery,2026-08-05 13:08:59,,,,Cinere,16027,-
PKG-0E769F,DRV_17,Out for delivery,2026-08-05 13:44:46,,,,Limo,21663,-
PKG-BDBA8F,DRV_17,Out for delivery,2026-08-05 13:44:46,,,,Limo,0,-
PKG-18311C,DRV_50,Out for delivery,2026-08-05 12:59:31,,,,Cinere,25169,-
PKG-2AAE5B,DRV_37,Out for delivery,2026-08-05 12:57:47,,,,Limo,0,-
PKG-C977F5,DRV_11,Out for delivery,2026-08-05 12:46:00,,,,Limo,0,-
PKG-D84973,DRV_00,Out for delivery,2026-08-05 13:23:27,,,,Limo,37875,-
PKG-A92B05,DRV_19,Out for delivery,2026-08-05 13:07:00,,,,Limo,11251,-
PKG-139C5C,DRV_47,Out for delivery,2026-08-05 13:10:35,,,,Limo,0,-
PKG-513CE6,DRV_15,Out for delivery,2026-08-05 13:31:40,,,,Limo,59893,-
PKG-B3E2C8,DRV_37,Out for delivery,2026-08-05 12:54:38,,,,Limo,0,-
PKG-12441D,DRV_05,Out for delivery,2026-08-05 13:24:09,,,,Cinere,0,-
PKG-57E635,DRV_00,Out for delivery,2026-08-05 12:42:13,,,,Cinere,0,-
PKG-172A62,DRV_00,Out for delivery,2026-08-05 13:57:44,,,,Limo,0,-
PKG-058996,DRV_56,Out for delivery,2026-08-05 12:54:16,,,,Cinere,0,-
PKG-FCF481,DRV_37,Out for delivery,2026-08-05 13:08:05,,,,Limo,0,-
PKG-CA5891,DRV_54,Out for delivery,2026-08-05 13:01:46,,,,Limo,0,-
PKG-7F9B54,DRV_57,Out for delivery,2026-08-05 08:12:35,,,,Cinere,67488,-
PKG-37FD88,DRV_54,Out for delivery,2026-08-05 13:01:46,,,,Cinere,11413,-
PKG-2A390C,DRV_23,Out for delivery,2026-08-05 07:50:47,,,,Limo,97979,-
PKG-732A34,DRV_24,Out for delivery,2026-08-05 13:01:46,,,,Cinere,29694,-
PKG-24B25A,DRV_03,Out for delivery,2026-08-05 13:02:20,,,,Cinere,28987,-
PKG-869022,DRV_12,Out for delivery,2026-08-05 13:02:25,,,,Cinere,0,-
PKG-624529,DRV_23,Out for delivery,2026-08-05 12:59:11,,,,Limo,0,-
PKG-43FCD4,DRV_51,Out for delivery,2026-08-05 13:22:46,,,,Cinere,0,-
PKG-D27D6F,DRV_58,Out for delivery,2026-08-05 13:28:56,,,,Limo,0,-
PKG-1C261B,DRV_44,Out for delivery,2026-08-05 12:46:51,,,,Cinere,125402,-
PKG-0C8768,DRV_30,Out for delivery,2026-08-05 13:02:29,,,,Limo,0,-
PKG-BFC668,DRV_54,Out for delivery,2026-08-05 13:01:46,,,,Cinere,0,-
PKG-AC2922,DRV_24,Out for delivery,2026-08-05 07:34:07,,,,Cinere,29125,-
PKG-B598A3,DRV_45,Out for delivery,2026-08-05 13:31:27,,,,Limo,101283,-
PKG-7FC88A,DRV_50,Out for delivery,2026-08-05 12:50:19,,,,Cinere,17705,-
PKG-11E146,DRV_28,Out for delivery,2026-08-05 13:11:50,,,,Cinere,0,-
PKG-6AB812,DRV_15,Out for delivery,2026-08-05 13:31:40,,,,Limo,27270,-
PKG-2C6994,DRV_17,Out for delivery,2026-08-05 13:44:46,,,,Limo,0,-
PKG-453D76,DRV_30,Out for delivery,2026-08-05 13:02:29,,,,Limo,0,-
PKG-53EF3A,DRV_22,Out for delivery,2026-08-05 13:35:38,,,,Limo,0,-
PKG-F6235A,DRV_27,Out for delivery,2026-08-05 12:54:55,,,,Limo,45753,-
PKG-8EAEF0,DRV_23,Out for delivery,2026-08-05 12:59:11,,,,Limo,19190,-
PKG-EAB37C,DRV_27,Out for delivery,2026-08-05 12:54:55,,,,Limo,0,-
PKG-7525CB,DRV_15,Out for delivery,2026-08-05 13:31:40,,,,Limo,13635,-
PKG-DDBDBD,DRV_43,Out for delivery,2026-08-05 07:50:33,,,,Limo,81581,-
PKG-A95259,DRV_14,Out for delivery,2026-08-05 13:08:20,,,,Cinere,77314,-
PKG-2BB285,DRV_36,Out for delivery,2026-08-05 12:52:51,,,,Cinere,0,-
PKG-44E59D,DRV_21,Out for delivery,2026-08-05 13:14:06,,,,Limo,0,-
PKG-0625B5,DRV_52,Out for delivery,2026-08-05 13:32:47,,,,Limo,152991,-
PKG-5ADA70,DRV_00,Out for delivery,2026-08-05 12:58:40,,,,Limo,0,-
PKG-EFDDB4,DRV_22,Out for delivery,2026-08-05 13:35:38,,,,Limo,55085,-
PKG-0C2C09,DRV_15,Out for delivery,2026-08-05 13:31:40,,,,Limo,0,-
PKG-5C9E9B,DRV_29,Out for delivery,2026-08-05 12:48:34,,,,Cinere,0,-
PKG-3D6FE9,DRV_40,Out for delivery,2026-08-05 12:56:37,,,,Limo,19190,-
PKG-34104C,DRV_23,Out for delivery,2026-08-05 12:49:48,,,,Limo,51913,-
PKG-18329F,DRV_34,Out for delivery,2026-08-05 13:14:02,,,,Limo,0,-
PKG-4C2971,DRV_07,Out for delivery,2026-08-05 12:50:53,,,,Cinere,30300,-
PKG-F8ED14,DRV_46,Out for delivery,2026-08-05 13:46:00,,,,Cinere,0,-
PKG-3CD174,DRV_45,Out for delivery,2026-08-05 13:31:27,,,,Limo,8237,-
PKG-0E9751,DRV_47,Out for delivery,2026-08-05 13:10:35,,,,Limo,19089,-
PKG-C067D4,DRV_34,Out for delivery,2026-08-05 13:14:02,,,,Limo,0,-
PKG-8CDBC7,DRV_24,Out for delivery,2026-08-05 13:01:46,,,,Cinere,7909,-
PKG-7C65CF,DRV_34,Out for delivery,2026-08-05 13:14:02,,,,Limo,0,-
PKG-8D7834,DRV_34,Out for delivery,2026-08-05 13:14:02,,,,Limo,0,-
PKG-98A11F,DRV_07,Out for delivery,2026-08-05 12:50:53,,,,Cinere,20806,-
PKG-EB28A7,DRV_06,Out for delivery,2026-08-05 13:27:49,,,,Limo,39000,-
PKG-B17CD9,DRV_36,Out for delivery,2026-08-05 12:52:51,,,,Cinere,0,-
PKG-ABA712,DRV_58,Out for delivery,2026-08-05 13:28:56,,,,Limo,0,-
PKG-C50EBE,DRV_20,Out for delivery,2026-08-05 13:21:02,,,,Limo,0,-
PKG-4AAC7B,DRV_32,Out for delivery,2026-08-05 12:54:30,,,,Cinere,0,-
PKG-01A3A5,DRV_46,Out for delivery,2026-08-05 13:50:44,,,,Cinere,11615,-
PKG-EABB7F,DRV_22,Out for delivery,2026-08-05 13:35:38,,,,Limo,37673,-
PKG-569E46,DRV_14,Out for delivery,2026-08-05 12:43:53,,,,Cinere,39502,-
PKG-B45174,DRV_06,Out for delivery,2026-08-05 13:27:49,,,,Limo,0,-
PKG-31E275,DRV_45,Out for delivery,2026-08-05 13:31:27,,,,Limo,29315,-
PKG-936A61,DRV_11,Out for delivery,2026-08-05 12:46:00,,,,Limo,26664,-
PKG-6B3905,DRV_36,Out for delivery,2026-08-05 07:44:21,,,,Cinere,39542,-
PKG-433AEB,DRV_39,Out for delivery,2026-08-05 13:31:41,,,,Cinere,29290,-
PKG-858259,DRV_51,Out for delivery,2026-08-05 13:22:46,,,,Cinere,19846,-
PKG-CA632E,DRV_15,Out for delivery,2026-08-05 13:31:40,,,,Limo,28341,-
PKG-6BB1E3,DRV_21,Out for delivery,2026-08-05 12:53:50,,,,Limo,19897,-
PKG-1A9156,DRV_45,Out for delivery,2026-08-05 13:31:27,,,,Limo,130088,-
PKG-174D3E,DRV_52,Out for delivery,2026-08-05 12:48:40,,,,Limo,58959,-
PKG-E100E8,DRV_36,Out for delivery,2026-08-05 12:52:51,,,,Cinere,0,-
PKG-62225C,DRV_28,Out for delivery,2026-08-05 07:35:59,,,,Cinere,0,-
PKG-03F440,DRV_22,Out for delivery,2026-08-05 13:35:38,,,,Limo,74255,-
PKG-0B20C6,DRV_27,Out for delivery,2026-08-05 07:53:08,,,,Limo,17039,-
PKG-E99A4A,DRV_40,Out for delivery,2026-08-05 12:56:37,,,,Limo,43278,-
PKG-C481A4,DRV_51,Out for delivery,2026-08-05 13:22:46,,,,Cinere,143420,-
PKG-51AD47,DRV_07,Out for delivery,2026-08-05 12:50:53,,,,Cinere,0,-
PKG-5A24F6,DRV_20,Out for delivery,2026-08-05 13:21:02,,,,Limo,39895,-
PKG-E1F8B3,DRV_23,Out for delivery,2026-08-05 12:49:48,,,,Limo,11775,-
PKG-0D53BB,DRV_21,Out for delivery,2026-08-05 12:53:50,,,,Limo,91001,-
PKG-92AD42,DRV_58,Out for delivery,2026-08-05 13:28:56,,,,Limo,50399,-
PKG-A66ED5,DRV_17,Out for delivery,2026-08-05 13:44:46,,,,Limo,0,-
PKG-06E7EF,DRV_21,Out for delivery,2026-08-05 12:53:50,,,,Limo,35645,-
PKG-DB8C05,DRV_14,Out for delivery,2026-08-05 12:43:53,,,,Cinere,0,-
PKG-4B14B4,DRV_38,Out for delivery,2026-08-05 12:50:49,,,,Limo,26260,-
PKG-408296,DRV_15,Out for delivery,2026-08-05 13:31:40,,,,Limo,0,-
PKG-184CB8,DRV_28,Out for delivery,2026-08-05 13:11:50,,,,Cinere,102413,-
PKG-4F55EF,DRV_17,Out for delivery,2026-08-05 13:44:46,,,,Limo,21957,-
PKG-DA1A5F,DRV_44,Out for delivery,2026-08-05 12:46:51,,,,Cinere,54883,-
PKG-31863C,DRV_00,Out for delivery,2026-08-05 13:57:44,,,,Limo,55619,-
PKG-9AAAD1,DRV_52,Out for delivery,2026-08-05 12:48:40,,,,Limo,25008,-
PKG-B4D3E0,DRV_21,Out for delivery,2026-08-05 12:53:50,,,,Limo,23128,-
PKG-AA5844,DRV_39,Out for delivery,2026-08-05 13:31:41,,,,Cinere,140693,-
PKG-32CF03,DRV_37,Out for delivery,2026-08-05 12:52:20,,,,Cinere,0,-
PKG-13ED7E,DRV_30,Out for delivery,2026-08-05 13:02:29,,,,Limo,23128,-
PKG-07E071,DRV_38,Out for delivery,2026-08-05 12:50:49,,,,Limo,0,-
PKG-AB5C20,DRV_32,Out for delivery,2026-08-05 12:54:30,,,,Cinere,0,-
PKG-E3B483,DRV_24,Out for delivery,2026-08-05 07:34:07,,,,Cinere,21099,-
PKG-70ED67,DRV_19,Out for delivery,2026-08-05 13:07:00,,,,Limo,47862,-
PKG-D5A82E,DRV_24,Out for delivery,2026-08-05 07:34:07,,,,Cinere,10948,-
PKG-BCD2A8,DRV_50,Out for delivery,2026-08-05 12:50:19,,,,Cinere,0,-
PKG-713AD1,DRV_05,Out for delivery,2026-08-05 13:24:09,,,,Cinere,36461,-
PKG-240DFB,DRV_07,Out for delivery,2026-08-05 12:50:53,,,,Cinere,73629,-
PKG-A55998,DRV_57,Out for delivery,2026-08-05 12:52:50,,,,Cinere,26260,-
PKG-630722,DRV_52,Out for delivery,2026-08-05 12:48:40,,,,Limo,78019,-
PKG-7E4C87,DRV_06,Out for delivery,2026-08-05 13:27:49,,,,Limo,30199,-
PKG-685355,DRV_26,Out for delivery,2026-08-05 12:58:52,,,,Cinere,0,-
PKG-550F2E,DRV_52,Out for delivery,2026-08-05 12:48:40,,,,Limo,0,-
PKG-B745C1,DRV_47,Out for delivery,2026-08-05 13:10:35,,,,Limo,32482,-
PKG-3353AA,DRV_24,Out for delivery,2026-08-05 07:34:07,,,,Cinere,31916,-
PKG-B0A6E2,DRV_40,Out for delivery,2026-08-05 12:56:37,,,,Limo,0,-
PKG-AF7E4D,DRV_39,Out for delivery,2026-08-05 13:31:41,,,,Cinere,47194,-
PKG-8CD22D,DRV_58,Out for delivery,2026-08-05 07:59:05,,,,Limo,26493,-
PKG-E22241,DRV_00,Out for delivery,2026-08-05 12:42:13,,,,Cinere,0,-
PKG-85AEA0,DRV_33,Out for delivery,2026-08-05 13:00:41,,,,Cinere,0,-
PKG-21BF92,DRV_28,Out for delivery,2026-08-05 13:11:50,,,,Cinere,0,-
PKG-5998E7,DRV_39,Out for delivery,2026-08-05 13:31:41,,,,Cinere,197925,-
PKG-E1B550,DRV_50,Out for delivery,2026-08-05 12:50:19,,,,Cinere,0,-
PKG-1AD153,DRV_23,Out for delivery,2026-08-05 12:49:48,,,,Limo,0,-
PKG-1403DE,DRV_52,Out for delivery,2026-08-05 12:48:40,,,,Limo,25047,-
PKG-F0C924,DRV_15,Out for delivery,2026-08-05 13:31:40,,,,Limo,181952,-
PKG-C9FFB6,DRV_36,Out for delivery,2026-08-05 12:52:51,,,,Cinere,16333,-
PKG-6CE27D,DRV_34,Out for delivery,2026-08-05 13:14:02,,,,Limo,19896,-
PKG-55C2E6,DRV_29,Out for delivery,2026-08-05 12:48:34,,,,Cinere,0,-
PKG-2A75AC,DRV_28,Out for delivery,2026-08-05 13:11:50,,,,Cinere,0,-
PKG-524AD6,DRV_18,Out for delivery,2026-08-05 12:48:44,,,,Limo,0,-
PKG-4DF542,DRV_13,Out for delivery,2026-08-05 12:45:32,,,,Cinere,76557,-
PKG-801177,DRV_37,Out for delivery,2026-08-05 12:52:20,,,,Limo,0,-
PKG-8579CC,DRV_17,Out for delivery,2026-08-05 13:44:46,,,,Limo,144875,-
PKG-20B044,DRV_21,Out for delivery,2026-08-05 12:53:50,,,,Limo,0,-
PKG-D0D3CD,DRV_33,Out for delivery,2026-08-05 13:00:41,,,,Cinere,139077,-
PKG-C5C648,DRV_07,Out for delivery,2026-08-05 12:50:53,,,,Cinere,190890,-
PKG-75F141,DRV_40,Out for delivery,2026-08-05 13:29:33,,,,Limo,0,-
PKG-35CCD0,DRV_47,Out for delivery,2026-08-05 13:10:35,,,,Limo,34575,-
PKG-549D6E,DRV_31,Out for delivery,2026-08-05 13:22:02,,,,Limo,41410,-
PKG-982BEB,DRV_12,Out for delivery,2026-08-05 13:02:25,,,,Cinere,164448,-
PKG-574BB4,DRV_52,Out for delivery,2026-08-05 12:48:40,,,,Limo,21205,-
PKG-B0A65C,DRV_00,Out for delivery,2026-08-05 07:59:10,,,,Limo,16586,-
PKG-5833F7,DRV_03,Out for delivery,2026-08-05 13:02:20,,,,Cinere,80936,-
PKG-5EAF11,DRV_18,Out for delivery,2026-08-05 12:48:44,,,,Limo,37259,-
PKG-E07629,DRV_21,Out for delivery,2026-08-05 07:39:47,,,,Limo,25755,-
PKG-EF82D9,DRV_33,Out for delivery,2026-08-05 13:00:41,,,,Cinere,0,-
PKG-7F0858,DRV_05,Out for delivery,2026-08-05 13:24:09,,,,Cinere,0,-
PKG-FD4F3D,DRV_34,Out for delivery,2026-08-05 13:14:02,,,,Limo,20594,-
PKG-65B9AF,DRV_22,Out for delivery,2026-08-05 13:35:38,,,,Limo,46460,-
PKG-378AF6,DRV_00,Out for delivery,2026-08-05 13:57:44,,,,Limo,48167,-
PKG-E9AF74,DRV_40,Out for delivery,2026-08-05 12:56:37,,,,Limo,32522,-
PKG-2EDCA9,DRV_50,Out for delivery,2026-08-05 13:08:36,,,,Cinere,22372,-
PKG-ED850D,DRV_32,Out for delivery,2026-08-05 12:54:30,,,,Cinere,0,-
PKG-C966BC,DRV_15,Out for delivery,2026-08-05 13:31:40,,,,Limo,112315,-
PKG-0A6F70,DRV_28,Out for delivery,2026-08-05 13:11:50,,,,Cinere,0,-
PKG-37F0CB,DRV_05,Out for delivery,2026-08-05 13:24:09,,,,Cinere,0,-
PKG-DE959F,DRV_14,Out for delivery,2026-08-05 12:43:53,,,,Cinere,55108,-
PKG-D6744E,DRV_04,Out for delivery,2026-08-05 13:11:21,,,,Limo,0,-
PKG-E12BCF,DRV_45,Out for delivery,2026-08-05 13:31:27,,,,Limo,0,-
PKG-AE3838,DRV_47,Out for delivery,2026-08-05 13:10:35,,,,Limo,55863,-
PKG-CA3F93,DRV_25,Out for delivery,2026-08-05 13:13:19,,,,Cinere,23432,-
PKG-01ECBC,DRV_32,Out for delivery,2026-08-05 12:54:30,,,,Cinere,22387,-
PKG-9104FD,DRV_07,Out for delivery,2026-08-05 12:50:53,,,,Cinere,190653,-
PKG-7BAA81,DRV_06,Out for delivery,2026-08-05 13:27:49,,,,Limo,0,-
PKG-F4C328,DRV_23,Out for delivery,2026-08-05 12:49:48,,,,Limo,0,-
PKG-B9B65A,DRV_26,Out for delivery,2026-08-05 07:30:37,,,,Cinere,58277,-
PKG-35FEE6,DRV_36,Out for delivery,2026-08-05 12:52:51,,,,Cinere,0,-
PKG-0EE654,DRV_28,Out for delivery,2026-08-05 13:11:50,,,,Cinere,0,-
PKG-44EB57,DRV_56,Out for delivery,2026-08-05 12:54:16,,,,Cinere,0,-
PKG-D14304,DRV_13,Out for delivery,2026-08-05 12:45:32,,,,Cinere,0,-
PKG-9DBD63,DRV_54,Out for delivery,2026-08-05 13:01:46,,,,Cinere,12524,-
PKG-9A7292,DRV_19,Out for delivery,2026-08-05 13:07:00,,,,Limo,0,-
PKG-56AB98,DRV_26,Out for delivery,2026-08-05 12:58:52,,,,Cinere,0,-
PKG-908D12,DRV_45,Out for delivery,2026-08-05 13:31:27,,,,Limo,19089,-
PKG-2F1A93,DRV_04,Out for delivery,2026-08-05 13:11:21,,,,Limo,0,-
PKG-BE6789,DRV_50,Out for delivery,2026-08-05 12:50:19,,,,Cinere,18976,-
PKG-AC1876,DRV_58,Out for delivery,2026-08-05 13:28:56,,,,Limo,21991,-
PKG-84ED08,DRV_18,Out for delivery,2026-08-05 12:48:44,,,,Limo,0,-
PKG-6C3A92,DRV_43,Out for delivery,2026-08-05 12:55:50,,,,Limo,0,-
PKG-95B982,DRV_51,Out for delivery,2026-08-05 13:22:46,,,,Cinere,88072,-
PKG-5D228A,DRV_32,Out for delivery,2026-08-05 12:54:30,,,,Cinere,0,-
PKG-D696EF,DRV_40,Out for delivery,2026-08-05 12:56:37,,,,Limo,34542,-
PKG-3F5682,DRV_04,Out for delivery,2026-08-05 13:11:21,,,,Limo,6893,-
PKG-93C6C3,DRV_16,Out for delivery,2026-08-05 12:54:24,,,,Limo,47267,-
PKG-B22A12,DRV_06,Out for delivery,2026-08-05 13:27:49,,,,Limo,46763,-
PKG-0C1017,DRV_54,Out for delivery,2026-08-05 07:23:34,,,,Cinere,45117,-
PKG-D8E97E,DRV_54,Out for delivery,2026-08-05 13:01:46,,,,Cinere,0,-
PKG-69F93B,DRV_43,Out for delivery,2026-08-05 12:55:50,,,,Limo,66397,-
PKG-96AFAF,DRV_43,Out for delivery,2026-08-05 12:55:50,,,,Limo,50803,-
PKG-BC3E9A,DRV_14,Out for delivery,2026-08-05 12:43:53,,,,Cinere,0,-
PKG-550BE6,DRV_21,Out for delivery,2026-08-05 12:53:50,,,,Limo,0,-
PKG-899F61,DRV_33,Out for delivery,2026-08-05 13:00:41,,,,Cinere,0,-
PKG-3D9AE3,DRV_22,Out for delivery,2026-08-05 13:35:38,,,,Limo,210807,-
PKG-D0C616,DRV_58,Out for delivery,2026-08-05 13:28:56,,,,Limo,0,-
PKG-7CA076,DRV_58,Out for delivery,2026-08-05 13:28:56,,,,Limo,0,-
PKG-C9F1FB,DRV_56,Out for delivery,2026-08-05 12:54:16,,,,Cinere,53898,-
PKG-E38EE2,DRV_23,Out for delivery,2026-08-05 12:49:48,,,,Limo,57006,-
PKG-3A9A3F,DRV_20,Out for delivery,2026-08-05 13:21:02,,,,Limo,0,-
PKG-361D01,DRV_00,Out for delivery,2026-08-05 07:43:15,,,,Limo,25654,-
PKG-9D4D7F,DRV_12,Out for delivery,2026-08-05 13:02:25,,,,Cinere,0,-
PKG-943396,DRV_45,Out for delivery,2026-08-05 08:00:08,,,,Limo,133800,-
PKG-5EFF69,DRV_14,Out for delivery,2026-08-05 12:43:53,,,,Cinere,44944,-
PKG-F25388,DRV_17,Out for delivery,2026-08-05 13:44:46,,,,Cinere,0,-
PKG-C83871,DRV_30,Out for delivery,2026-08-05 13:02:29,,,,Limo,125442,-
PKG-75D1EA,DRV_27,Out for delivery,2026-08-05 12:54:55,,,,Limo,0,-
PKG-273671,DRV_38,Out for delivery,2026-08-05 12:50:49,,,,Limo,48153,-
PKG-061184,DRV_24,Out for delivery,2026-08-05 07:34:07,,,,Cinere,0,-
PKG-393CBB,DRV_31,Out for delivery,2026-08-05 13:22:02,,,,Limo,21109,-
PKG-94EC20,DRV_34,Out for delivery,2026-08-05 13:14:02,,,,Limo,16766,-
PKG-A7A881,DRV_58,Out for delivery,2026-08-05 13:28:56,,,,Limo,29290,-
PKG-53EC3C,DRV_33,Out for delivery,2026-08-05 13:00:41,,,,Cinere,14947,-
PKG-EDCF3F,DRV_43,Out for delivery,2026-08-05 12:55:50,,,,Limo,20118,-
PKG-14D464,DRV_19,Out for delivery,2026-08-05 13:07:00,,,,Limo,101404,-
PKG-824868,DRV_21,Out for delivery,2026-08-05 12:53:50,,,,Limo,0,-
PKG-639C7E,DRV_21,Out for delivery,2026-08-05 12:53:50,,,,Limo,0,-
PKG-E0C2C0,DRV_12,Out for delivery,2026-08-05 08:02:36,,,,Cinere,92106,-
PKG-5B89F9,DRV_54,Out for delivery,2026-08-05 13:01:46,,,,Cinere,0,-
PKG-6BEBCD,DRV_56,Out for delivery,2026-08-05 07:19:09,,,,Cinere,21190,-
PKG-0C68CF,DRV_23,Out for delivery,2026-08-05 12:49:48,,,,Limo,0,-
PKG-3DD327,DRV_57,Out for delivery,2026-08-05 12:52:50,,,,Cinere,13129,-
PKG-2D20EF,DRV_35,Out for delivery,2026-08-05 13:28:14,,,,Cinere,0,-
PKG-69C7D2,DRV_19,Out for delivery,2026-08-05 13:07:00,,,,Limo,13029,-
PKG-ED8B53,DRV_32,Out for delivery,2026-08-05 12:54:30,,,,Cinere,0,-
PKG-ED80F2,DRV_15,Out for delivery,2026-08-05 13:31:40,,,,Limo,0,-
PKG-95459E,DRV_33,Out for delivery,2026-08-05 13:00:41,,,,Cinere,46358,-
PKG-905968,DRV_15,Out for delivery,2026-08-05 13:31:40,,,,Limo,0,-
PKG-856488,DRV_32,Out for delivery,2026-08-05 12:54:30,,,,Cinere,23230,-
PKG-8C55E0,DRV_18,Out for delivery,2026-08-05 12:48:44,,,,Limo,0,-
PKG-06DE8B,DRV_14,Out for delivery,2026-08-05 12:43:53,,,,Cinere,52570,-
PKG-EF1210,DRV_38,Out for delivery,2026-08-05 12:50:49,,,,Limo,27977,-
PKG-C2637F,DRV_19,Out for delivery,2026-08-05 13:07:00,,,,Limo,0,-
PKG-C817F0,DRV_35,Out for delivery,2026-08-05 13:05:59,,,,Cinere,0,-
PKG-C72F0C,DRV_20,Out for delivery,2026-08-05 13:21:02,,,,Limo,168670,-
PKG-A23C71,DRV_46,Out for delivery,2026-08-05 13:40:56,,,,Cinere,0,-
PKG-4DB1F9,DRV_06,Out for delivery,2026-08-05 13:27:49,,,,Limo,20935,-
PKG-4F408C,DRV_17,Out for delivery,2026-08-05 13:44:46,,,,Cinere,0,-
PKG-30994D,DRV_14,Out for delivery,2026-08-05 12:43:53,,,,Cinere,11109,-
PKG-F7378D,DRV_33,Out for delivery,2026-08-05 13:00:41,,,,Cinere,0,-
PKG-D3BFB3,DRV_29,Out for delivery,2026-08-05 12:48:34,,,,Cinere,0,-
PKG-0E32FA,DRV_34,Out for delivery,2026-08-05 13:14:02,,,,Limo,0,-
PKG-9E8BEB,DRV_06,Out for delivery,2026-08-05 13:27:49,,,,Limo,0,-
PKG-F7F060,DRV_51,Out for delivery,2026-08-05 13:22:46,,,,Cinere,101768,-
PKG-CD26E8,DRV_37,Out for delivery,2026-08-05 12:52:20,,,,Limo,23432,-
PKG-91D62E,DRV_24,Out for delivery,2026-08-05 07:34:07,,,,Cinere,28280,-
PKG-57B846,DRV_16,Out for delivery,2026-08-05 12:54:24,,,,Limo,0,-
PKG-B5B067,DRV_26,Out for delivery,2026-08-05 12:58:52,,,,Cinere,0,-
PKG-E61F3F,DRV_06,Out for delivery,2026-08-05 13:27:49,,,,Limo,0,-
PKG-404B2B,DRV_45,Out for delivery,2026-08-05 13:31:27,,,,Limo,0,-
PKG-C37448,DRV_23,Out for delivery,2026-08-05 12:49:48,,,,Limo,21210,-
PKG-2BE03A,DRV_21,Out for delivery,2026-08-05 12:53:50,,,,Limo,0,-
PKG-577076,DRV_52,Out for delivery,2026-08-05 12:48:56,,,,Limo,0,-
PKG-058E66,DRV_39,Out for delivery,2026-08-05 13:31:41,,,,Cinere,10509,-
PKG-23FD90,DRV_38,Out for delivery,2026-08-05 12:50:49,,,,Limo,0,-
PKG-9D1321,DRV_26,Out for delivery,2026-08-05 12:58:52,,,,Cinere,10509,-
PKG-CC00EE,DRV_16,Out for delivery,2026-08-05 12:54:24,,,,Limo,793537,-
PKG-77D496,DRV_00,Out for delivery,2026-08-05 12:42:13,,,,Cinere,0,-
PKG-742EDA,DRV_39,Out for delivery,2026-08-05 13:31:41,,,,Cinere,37369,-
PKG-DE04B7,DRV_46,Out for delivery,2026-08-05 13:08:59,,,,Cinere,98051,-
PKG-0810DB,DRV_27,Out for delivery,2026-08-05 12:54:55,,,,Limo,0,-
PKG-C4CC29,DRV_15,Out for delivery,2026-08-05 13:31:40,,,,Limo,73427,-
PKG-C819FC,DRV_35,Out for delivery,2026-08-05 12:45:47,,,,Cinere,0,-
PKG-604826,DRV_52,Out for delivery,2026-08-05 13:24:31,,,,Limo,0,-
PKG-E03F69,DRV_03,Out for delivery,2026-08-05 13:02:20,,,,Cinere,14894,-
PKG-5DCD9F,DRV_34,Out for delivery,2026-08-05 13:14:02,,,,Limo,0,-
PKG-0B76BD,DRV_12,Out for delivery,2026-08-05 13:02:25,,,,Cinere,0,-
PKG-5F708B,DRV_39,Out for delivery,2026-08-05 13:31:41,,,,Cinere,0,-
PKG-888FF6,DRV_45,Out for delivery,2026-08-05 13:31:27,,,,Limo,11317,-
PKG-132904,DRV_26,Out for delivery,2026-08-05 07:30:37,,,,Cinere,14039,-
PKG-70C1A5,DRV_31,Out for delivery,2026-08-05 13:22:02,,,,Limo,9499,-
PKG-DC9FC3,DRV_18,Out for delivery,2026-08-05 13:19:01,,,,Limo,0,-
PKG-DE7CE5,DRV_56,Out for delivery,2026-08-05 12:54:16,,,,Cinere,0,-
PKG-DEBCC1,DRV_16,Out for delivery,2026-08-05 12:54:24,,,,Limo,34744,-
PKG-0B5503,DRV_46,Out for delivery,2026-08-05 13:25:11,,,,Cinere,0,-
PKG-66A040,DRV_46,Out for delivery,2026-08-05 13:25:11,,,,Cinere,16362,-
PKG-74C104,DRV_30,Out for delivery,2026-08-05 13:02:29,,,,Limo,0,-
PKG-EDFDC4,DRV_18,Out for delivery,2026-08-05 12:48:44,,,,Limo,0,-
PKG-B33771,DRV_51,Out for delivery,2026-08-05 13:22:46,,,,Cinere,36792,-
PKG-FF1558,DRV_36,Out for delivery,2026-08-05 12:52:51,,,,Cinere,0,-
PKG-0EDB7C,DRV_44,Out for delivery,2026-08-05 12:46:51,,,,Cinere,31188,-
PKG-A3CEF1,DRV_33,Out for delivery,2026-08-05 13:00:41,,,,Cinere,0,-
PKG-2C447F,DRV_24,Out for delivery,2026-08-05 13:01:46,,,,Cinere,0,-
PKG-F8AC88,DRV_50,Out for delivery,2026-08-05 12:50:19,,,,Cinere,8464,-
PKG-A0DDBC,DRV_23,Out for delivery,2026-08-05 13:01:31,,,,Limo,8080,-
PKG-DD33F9,DRV_24,Out for delivery,2026-08-05 13:01:46,,,,Cinere,24240,-
PKG-28B077,DRV_04,Out for delivery,2026-08-05 13:11:21,,,,Limo,10888,-
PKG-F93825,DRV_30,Out for delivery,2026-08-05 13:02:29,,,,Limo,15957,-
PKG-1C9134,DRV_31,Out for delivery,2026-08-05 13:22:02,,,,Limo,0,-
PKG-457B1E,DRV_37,Out for delivery,2026-08-05 12:52:20,,,,Limo,0,-
PKG-A6C2BE,DRV_12,Out for delivery,2026-08-05 13:02:25,,,,Cinere,311736,-
PKG-410AA9,DRV_36,Out for delivery,2026-08-05 12:52:51,,,,Cinere,0,-
PKG-098DEA,DRV_24,Out for delivery,2026-08-05 13:01:46,,,,Cinere,71781,-
PKG-5E4DA8,DRV_06,Out for delivery,2026-08-05 13:27:49,,,,Limo,0,-
PKG-B89E64,DRV_12,Out for delivery,2026-08-05 13:02:25,,,,Cinere,72607,-
PKG-766320,DRV_50,Out for delivery,2026-08-05 12:50:19,,,,Cinere,0,-
PKG-852FE7,DRV_39,Out for delivery,2026-08-05 13:31:41,,,,Cinere,0,-
PKG-F22434,DRV_20,Out for delivery,2026-08-05 13:21:02,,,,Limo,47470,-
PKG-DF17D1,DRV_50,Out for delivery,2026-08-05 12:50:19,,,,Cinere,0,-
PKG-30FB22,DRV_35,Out for delivery,2026-08-05 13:06:01,,,,Cinere,0,-
PKG-F17750,DRV_28,Out for delivery,2026-08-05 13:11:50,,,,Cinere,0,-
PKG-F46C3F,DRV_56,Out for delivery,2026-08-05 12:54:16,,,,Cinere,0,-
PKG-8D5BFE,DRV_52,Out for delivery,2026-08-05 13:07:35,,,,Limo,0,-
PKG-D648C1,DRV_47,Out for delivery,2026-08-05 13:10:35,,,,Limo,37920,-
PKG-8D8651,DRV_17,Out for delivery,2026-08-05 13:44:46,,,,Limo,87203,-
PKG-5C1E2E,DRV_24,Out for delivery,2026-08-05 13:01:46,,,,Cinere,0,-
PKG-9AFF8F,DRV_31,Out for delivery,2026-08-05 13:22:02,,,,Limo,144834,-
PKG-0F0225,DRV_40,Out for delivery,2026-08-05 12:56:37,,,,Limo,22119,-
PKG-D611F5,DRV_20,Out for delivery,2026-08-05 13:21:02,,,,Limo,0,-
PKG-A5F112,DRV_33,Out for delivery,2026-08-05 13:00:41,,,,Cinere,0,-
PKG-81D377,DRV_24,Out for delivery,2026-08-05 13:01:46,,,,Cinere,22927,-
PKG-7AE086,DRV_28,Out for delivery,2026-08-05 13:29:42,,,,Cinere,0,-
PKG-A14623,DRV_03,Out for delivery,2026-08-05 13:02:20,,,,Cinere,0,-
PKG-436EE6,DRV_26,Out for delivery,2026-08-05 12:58:52,,,,Cinere,27169,-
PKG-47D7BD,DRV_21,Out for delivery,2026-08-05 12:53:50,,,,Limo,68150,-
PKG-42429D,DRV_31,Out for delivery,2026-08-05 13:22:02,,,,Limo,12827,-
PKG-68A4C8,DRV_19,Out for delivery,2026-08-05 13:07:00,,,,Limo,23027,-
PKG-3BE6D6,DRV_28,Out for delivery,2026-08-05 13:11:50,,,,Cinere,19988,-
PKG-AB5E30,DRV_03,Out for delivery,2026-08-05 13:02:20,,,,Cinere,44642,-
PKG-5E5E72,DRV_30,Out for delivery,2026-08-05 13:02:29,,,,Limo,33229,-
PKG-B13EBE,DRV_07,Out for delivery,2026-08-05 12:50:53,,,,Cinere,26159,-
PKG-669B01,DRV_03,Out for delivery,2026-08-05 13:02:20,,,,Cinere,0,-
PKG-1E92C8,DRV_00,Out for delivery,2026-08-05 13:23:27,,,,Limo,21185,-
PKG-430541,DRV_36,Out for delivery,2026-08-05 12:52:51,,,,Cinere,0,-
PKG-B1CF8C,DRV_36,Out for delivery,2026-08-05 12:52:51,,,,Cinere,0,-
PKG-5CD36C,DRV_00,Out for delivery,2026-08-05 07:51:50,,,,Cinere,51424,-
PKG-2E5527,DRV_21,Out for delivery,2026-08-05 07:39:47,,,,Limo,29290,-
PKG-08E116,DRV_40,Out for delivery,2026-08-05 12:56:37,,,,Limo,31108,-
PKG-FB1FB4,DRV_19,Out for delivery,2026-08-05 13:07:00,,,,Limo,0,-
PKG-65C471,DRV_03,Out for delivery,2026-08-05 13:02:20,,,,Cinere,12019,-
PKG-2A7D54,DRV_44,Out for delivery,2026-08-05 12:46:51,,,,Cinere,16260,-
PKG-93DAE4,DRV_00,Out for delivery,2026-08-05 13:23:27,,,,Limo,0,-
PKG-944294,DRV_38,Out for delivery,2026-08-05 12:50:49,,,,Limo,0,-
PKG-2B0E30,DRV_17,Out for delivery,2026-08-05 13:44:46,,,,Limo,108575,-
PKG-126B3C,DRV_21,Out for delivery,2026-08-05 12:53:50,,,,Limo,0,-
PKG-C3C6B6,DRV_07,Out for delivery,2026-08-05 12:50:53,,,,Cinere,0,-
PKG-B3282A,DRV_38,Out for delivery,2026-08-05 13:37:19,,,,Limo,28280,-
PKG-B67B8A,DRV_22,Out for delivery,2026-08-05 13:35:38,,,,Limo,41366,-
PKG-396AC4,DRV_23,Out for delivery,2026-08-05 12:49:48,,,,Limo,0,-
PKG-C62EEA,DRV_34,Out for delivery,2026-08-05 13:14:02,,,,Limo,0,-
PKG-718CF1,DRV_00,Out for delivery,2026-08-05 12:42:13,,,,Cinere,33633,-
PKG-4FBC2D,DRV_00,Out for delivery,2026-08-05 13:57:44,,,,Limo,0,-
PKG-355265,DRV_21,Out for delivery,2026-08-05 12:53:50,,,,Limo,10156,-
PKG-608F54,DRV_15,Out for delivery,2026-08-05 13:31:40,,,,Limo,0,-
PKG-AB6522,DRV_51,Out for delivery,2026-08-05 13:22:46,,,,Cinere,0,-
PKG-5DEA1A,DRV_28,Out for delivery,2026-08-05 13:11:50,,,,Cinere,0,-
PKG-D3CAA6,DRV_32,Out for delivery,2026-08-05 12:54:55,,,,Cinere,17069,-
PKG-FEF83A,DRV_54,Out for delivery,2026-08-05 13:01:46,,,,Cinere,0,-
PKG-2FF939,DRV_13,Out for delivery,2026-08-05 12:45:32,,,,Cinere,0,-
PKG-DB9C96,DRV_36,Out for delivery,2026-08-05 13:06:36,,,,Cinere,0,-
PKG-A08E7F,DRV_21,Out for delivery,2026-08-05 07:39:47,,,,Limo,91304,-
PKG-75A1DD,DRV_36,Out for delivery,2026-08-05 12:52:51,,,,Cinere,0,-
PKG-39D30E,DRV_18,Out for delivery,2026-08-05 12:48:44,,,,Limo,92160,-
PKG-F10822,DRV_14,Out for delivery,2026-08-05 12:43:53,,,,Cinere,63571,-
PKG-AF2799,DRV_21,Out for delivery,2026-08-05 12:53:50,,,,Limo,0,-
PKG-6D77F0,DRV_00,Out for delivery,2026-08-05 07:51:50,,,,Cinere,57512,-
PKG-D1F3F3,DRV_54,Out for delivery,2026-08-05 13:01:46,,,,Cinere,0,-
PKG-F68AEF,DRV_47,Out for delivery,2026-08-05 13:10:35,,,,Limo,0,-
PKG-CFAAF2,DRV_52,Out for delivery,2026-08-05 12:48:40,,,,Limo,14645,-
PKG-295B74,DRV_00,Out for delivery,2026-08-05 12:58:40,,,,Limo,30275,-
PKG-A93E26,DRV_17,Out for delivery,2026-08-05 13:44:46,,,,Limo,201900,-
PKG-AD3E46,DRV_36,Out for delivery,2026-08-05 12:52:51,,,,Cinere,0,-
PKG-8D7101,DRV_14,Out for delivery,2026-08-05 12:43:53,,,,Cinere,29842,-
PKG-B96D8E,DRV_51,Out for delivery,2026-08-05 08:12:14,,,,Cinere,0,-
PKG-F20F61,DRV_14,Out for delivery,2026-08-05 12:43:53,,,,Cinere,0,-
PKG-B80DD0,DRV_52,Out for delivery,2026-08-05 12:48:40,,,,Limo,0,-
PKG-5844AB,DRV_51,Out for delivery,2026-08-05 08:12:14,,,,Cinere,39086,-
PKG-C84283,DRV_37,Out for delivery,2026-08-05 12:52:20,,,,Limo,36416,-
PKG-90BE2D,DRV_57,Out for delivery,2026-08-05 12:52:50,,,,Cinere,0,-
PKG-BBD8E5,DRV_30,Out for delivery,2026-08-05 13:02:29,,,,Limo,29411,-
PKG-363F4E,DRV_38,Out for delivery,2026-08-05 12:50:49,,,,Limo,22553,-
PKG-ED918F,DRV_32,Out for delivery,2026-08-05 12:54:30,,,,Cinere,18179,-
PKG-169BC6,DRV_27,Out for delivery,2026-08-05 13:07:35,,,,Cinere,35178,-
PKG-454940,DRV_50,Out for delivery,2026-08-05 12:50:19,,,,Cinere,0,-
PKG-A26C88,DRV_47,Out for delivery,2026-08-05 13:10:35,,,,Limo,35678,-
PKG-6C8B5D,DRV_27,Out for delivery,2026-08-05 12:54:55,,,,Limo,20311,-
PKG-9C956C,DRV_23,Out for delivery,2026-08-05 12:49:48,,,,Limo,12958,-
PKG-81AC0E,DRV_52,Out for delivery,2026-08-05 12:52:48,,,,Limo,20713,-
PKG-DDA628,DRV_13,Out for delivery,2026-08-05 12:45:32,,,,Cinere,0,-
PKG-5EA8F2,DRV_51,Out for delivery,2026-08-05 13:22:46,,,,Cinere,0,-
PKG-BACEE6,DRV_36,Out for delivery,2026-08-05 12:52:51,,,,Cinere,0,-
PKG-FB3FBC,DRV_52,Out for delivery,2026-08-05 12:48:40,,,,Limo,12524,-
PKG-79DFBC,DRV_40,Out for delivery,2026-08-05 13:00:07,,,,Limo,0,-
PKG-DA2027,DRV_16,Out for delivery,2026-08-05 12:54:24,,,,Limo,6362,-
PKG-628374,DRV_28,Out for delivery,2026-08-05 13:11:50,,,,Cinere,0,-
PKG-568BDC,DRV_46,Out for delivery,2026-08-05 13:38:56,,,,Cinere,0,-
PKG-E660EA,DRV_15,Out for delivery,2026-08-05 13:31:40,,,,Limo,0,-
PKG-5771C4,DRV_15,Out for delivery,2026-08-05 13:31:40,,,,Limo,39289,-
PKG-6CA560,DRV_00,Out for delivery,2026-08-05 13:57:44,,,,Limo,0,-
PKG-C49519,DRV_12,Out for delivery,2026-08-05 13:02:25,,,,Cinere,91209,-
PKG-064723,DRV_17,Out for delivery,2026-08-05 13:44:46,,,,Cinere,66943,-
PKG-CE484C,DRV_19,Out for delivery,2026-08-05 13:07:00,,,,Limo,63321,-
PKG-5772D7,DRV_47,Out for delivery,2026-08-05 13:10:35,,,,Limo,46240,-
PKG-38E2B1,DRV_33,Out for delivery,2026-08-05 13:00:41,,,,Cinere,182154,-
PKG-0ABDC3,DRV_19,Out for delivery,2026-08-05 13:07:00,,,,Limo,150000,-
PKG-C565EA,DRV_36,Out for delivery,2026-08-05 12:52:51,,,,Cinere,0,-
PKG-884D95,DRV_33,Out for delivery,2026-08-05 13:00:41,,,,Cinere,0,-
PKG-B77142,DRV_00,Out for delivery,2026-08-05 13:23:27,,,,Limo,179174,-
PKG-BF4C06,DRV_43,Out for delivery,2026-08-05 12:55:50,,,,Limo,58976,-
PKG-F92D7A,DRV_34,Out for delivery,2026-08-05 13:14:02,,,,Limo,99828,-
PKG-C5A07F,DRV_33,Out for delivery,2026-08-05 13:00:41,,,,Cinere,27807,-
PKG-D5CF7F,DRV_52,Out for delivery,2026-08-05 12:48:40,,,,Limo,44390,-
PKG-33E7EF,DRV_15,Out for delivery,2026-08-05 08:18:32,,,,Limo,41480,-
PKG-2C23C1,DRV_47,Out for delivery,2026-08-05 13:10:35,,,,Limo,0,-
PKG-FF0BD0,DRV_43,Out for delivery,2026-08-05 12:55:50,,,,Limo,40380,-
PKG-E3C109,DRV_37,Out for delivery,2026-08-05 12:52:20,,,,Limo,0,-
PKG-1F04E8,DRV_00,Out for delivery,2026-08-05 07:59:10,,,,Cinere,14948,-
PKG-ADA17B,DRV_40,Out for delivery,2026-08-05 12:56:37,,,,Limo,0,-
PKG-1A4DFF,DRV_32,Out for delivery,2026-08-05 12:54:30,,,,Cinere,31197,-
PKG-D1C18A,DRV_56,Out for delivery,2026-08-05 12:54:16,,,,Cinere,0,-
PKG-079B9D,DRV_58,Out for delivery,2026-08-05 13:28:56,,,,Limo,28040,-
PKG-24C745,DRV_15,Out for delivery,2026-08-05 13:31:40,,,,Limo,0,-
PKG-3D170A,DRV_52,Out for delivery,2026-08-05 12:48:40,,,,Limo,19896,-
PKG-FB6186,DRV_36,Out for delivery,2026-08-05 12:52:51,,,,Cinere,10411,-
PKG-D75C22,DRV_39,Out for delivery,2026-08-05 13:31:41,,,,Cinere,16905,-
PKG-144E93,DRV_04,Out for delivery,2026-08-05 13:11:21,,,,Limo,0,-
PKG-4332F1,DRV_06,Out for delivery,2026-08-05 13:27:49,,,,Limo,0,-
PKG-B9460C,DRV_39,Out for delivery,2026-08-05 13:31:41,,,,Cinere,137294,-
PKG-3200BC,DRV_04,Out for delivery,2026-08-05 13:11:21,,,,Limo,48233,-
PKG-8DF3B0,DRV_39,Out for delivery,2026-08-05 13:31:41,,,,Cinere,90072,-
PKG-5FBC63,DRV_25,Out for delivery,2026-08-05 13:13:19,,,,Cinere,31309,-
PKG-8F35ED,DRV_35,Out for delivery,2026-08-05 13:06:00,,,,Cinere,0,-
PKG-5DC65E,DRV_15,Out for delivery,2026-08-05 08:18:32,,,,Limo,68474,-
PKG-C1E979,DRV_24,Out for delivery,2026-08-05 13:01:46,,,,Cinere,67670,-
PKG-D4BD3D,DRV_28,Out for delivery,2026-08-05 13:11:50,,,,Cinere,46008,-
PKG-AD182A,DRV_39,Out for delivery,2026-08-05 13:31:41,,,,Cinere,0,-
PKG-C404B8,DRV_52,Out for delivery,2026-08-05 12:48:40,,,,Limo,69185,-
PKG-484741,DRV_56,Out for delivery,2026-08-05 12:59:18,,,,Cinere,119717,-
PKG-5A83EA,DRV_27,Out for delivery,2026-08-05 12:54:55,,,,Limo,57065,-
PKG-87A9DC,DRV_56,Out for delivery,2026-08-05 12:54:16,,,,Cinere,0,-
PKG-104C71,DRV_03,Out for delivery,2026-08-05 13:02:20,,,,Cinere,0,-
PKG-35FAE0,DRV_03,Out for delivery,2026-08-05 13:02:20,,,,Cinere,0,-
PKG-EC2C92,DRV_50,Out for delivery,2026-08-05 12:50:19,,,,Cinere,36117,-
PKG-014A32,DRV_58,Out for delivery,2026-08-05 13:28:56,,,,Cinere,0,-
PKG-6F7656,DRV_15,Out for delivery,2026-08-05 13:31:40,,,,Limo,0,-
PKG-A88D99,DRV_51,Out for delivery,2026-08-05 13:22:46,,,,Cinere,130896,-
PKG-393E56,DRV_14,Out for delivery,2026-08-05 12:43:53,,,,Cinere,47268,-
PKG-4E4703,DRV_26,Out for delivery,2026-08-05 12:58:52,,,,Cinere,18180,-
PKG-DFC6F4,DRV_12,Out for delivery,2026-08-05 13:02:25,,,,Cinere,0,-
PKG-926867,DRV_23,Out for delivery,2026-08-05 12:59:11,,,,Limo,108914,-
PKG-91D914,DRV_40,Out for delivery,2026-08-05 12:56:37,,,,Limo,0,-
PKG-F81B29,DRV_45,Out for delivery,2026-08-05 08:00:08,,,,Limo,60605,-
PKG-08D98D,DRV_00,Out for delivery,2026-08-05 13:57:44,,,,Limo,208666,-
PKG-7F7B7C,DRV_33,Out for delivery,2026-08-05 13:00:41,,,,Cinere,107060,-
PKG-127C1F,DRV_40,Out for delivery,2026-08-05 13:11:15,,,,Limo,0,-
PKG-9D7DAA,DRV_14,Out for delivery,2026-08-05 12:43:53,,,,Cinere,0,-
PKG-36A433,DRV_44,Out for delivery,2026-08-05 12:46:51,,,,Cinere,32219,-
PKG-C3AEB8,DRV_15,Out for delivery,2026-08-05 13:31:40,,,,Limo,0,-
PKG-AEE74A,DRV_17,Out for delivery,2026-08-05 13:44:46,,,,Limo,0,-
PKG-5979C5,DRV_32,Out for delivery,2026-08-05 12:54:30,,,,Cinere,11564,-
PKG-1EDE19,DRV_35,Out for delivery,2026-08-05 13:05:59,,,,Cinere,175953,-
PKG-535116,DRV_18,Out for delivery,2026-08-05 12:55:05,,,,Limo,0,-
PKG-0D9893,DRV_15,Out for delivery,2026-08-05 13:31:40,,,,Limo,0,-
PKG-2ED818,DRV_07,Out for delivery,2026-08-05 12:50:53,,,,Cinere,0,-
PKG-1F96E5,DRV_52,Out for delivery,2026-08-05 12:48:40,,,,Limo,14139,-
PKG-FC1544,DRV_00,Out for delivery,2026-08-05 07:49:23,,,,Limo,17758,-
PKG-1D45B5,DRV_57,Out for delivery,2026-08-05 12:52:50,,,,Cinere,9817,-
PKG-B8C5D1,DRV_38,Out for delivery,2026-08-05 12:50:49,,,,Limo,0,-
PKG-E28CF7,DRV_16,Out for delivery,2026-08-05 12:54:24,,,,Limo,71315,-
PKG-985BF2,DRV_06,Out for delivery,2026-08-05 07:56:57,,,,Limo,31039,-
PKG-A66EC5,DRV_18,Out for delivery,2026-08-05 12:48:44,,,,Limo,0,-
PKG-8AF884,DRV_36,Out for delivery,2026-08-05 12:52:51,,,,Cinere,198983,-
PKG-D1ED82,DRV_38,Out for delivery,2026-08-05 12:50:49,,,,Limo,0,-
PKG-099ACF,DRV_21,Out for delivery,2026-08-05 12:53:50,,,,Limo,42905,-
PKG-E6C46E,DRV_18,Out for delivery,2026-08-05 12:48:44,,,,Limo,0,-
PKG-CDED84,DRV_19,Out for delivery,2026-08-05 13:07:00,,,,Limo,74341,-
PKG-D7CBD6,DRV_35,Out for delivery,2026-08-05 07:39:10,,,,Cinere,61812,-
PKG-341FFE,DRV_38,Out for delivery,2026-08-05 12:50:49,,,,Limo,199742,-
PKG-011331,DRV_51,Out for delivery,2026-08-05 08:12:14,,,,Cinere,17168,-
PKG-C77D9D,DRV_06,Out for delivery,2026-08-05 13:28:39,,,,Limo,26916,-
PKG-6E1E9F,DRV_54,Out for delivery,2026-08-05 13:01:46,,,,Cinere,0,-
PKG-62DC6F,DRV_24,Out for delivery,2026-08-05 13:01:46,,,,Cinere,40433,-
PKG-DF909B,DRV_18,Out for delivery,2026-08-05 13:00:26,,,,Limo,0,-
PKG-B0F989,DRV_22,Out for delivery,2026-08-05 13:35:38,,,,Limo,0,-
PKG-E5C229,DRV_32,Out for delivery,2026-08-05 12:54:30,,,,Cinere,83293,-
PKG-60FB26,DRV_19,Out for delivery,2026-08-05 13:07:00,,,,Limo,122412,-
PKG-D311E9,DRV_03,Out for delivery,2026-08-05 13:02:20,,,,Cinere,0,-
PKG-930D2D,DRV_39,Out for delivery,2026-08-05 13:31:41,,,,Cinere,63276,-
PKG-E3C8DF,DRV_17,Out for delivery,2026-08-05 13:44:46,,,,Limo,0,-
PKG-1371CA,DRV_38,Out for delivery,2026-08-05 13:37:19,,,,Limo,0,-
PKG-5FE941,DRV_47,Out for delivery,2026-08-05 13:10:35,,,,Limo,26259,-
PKG-6DA1BC,DRV_37,Out for delivery,2026-08-05 12:52:20,,,,Cinere,0,-
PKG-2BB76A,DRV_58,Out for delivery,2026-08-05 13:28:56,,,,Cinere,37847,-
PKG-652A85,DRV_43,Out for delivery,2026-08-05 07:50:33,,,,Limo,105346,-
PKG-0AB9E6,DRV_36,Out for delivery,2026-08-05 12:52:51,,,,Cinere,70716,-
PKG-072600,DRV_38,Out for delivery,2026-08-05 12:50:49,,,,Limo,91809,-
PKG-2E6EE0,DRV_46,Out for delivery,2026-08-05 13:08:59,,,,Cinere,57550,-
PKG-4DA263,DRV_57,Out for delivery,2026-08-05 07:38:15,,,,Cinere,93902,-
PKG-A34584,DRV_46,Out for delivery,2026-08-05 13:38:56,,,,Cinere,18786,-
PKG-0A18DD,DRV_49,Out for delivery,2026-08-05 13:24:16,,,,Limo,23230,-
PKG-992471,DRV_06,Out for delivery,2026-08-05 13:27:49,,,,Limo,20402,-
PKG-47AA12,DRV_24,Out for delivery,2026-08-05 13:51:14,,,,Cinere,0,-
PKG-664E67,DRV_13,Out for delivery,2026-08-05 12:45:32,,,,Cinere,20947,-
PKG-8E1BFA,DRV_51,Out for delivery,2026-08-05 13:22:46,,,,Cinere,19695,-
PKG-CBC545,DRV_06,Out for delivery,2026-08-05 13:27:49,,,,Limo,58658,-
PKG-D7C1B5,DRV_04,Out for delivery,2026-08-05 13:11:21,,,,Limo,0,-
PKG-1D43BD,DRV_06,Out for delivery,2026-08-05 13:27:49,,,,Limo,9777,-
PKG-F79567,DRV_23,Out for delivery,2026-08-05 12:59:11,,,,Limo,0,-
PKG-2C37B4,DRV_15,Out for delivery,2026-08-05 08:18:32,,,,Limo,20200,-
PKG-8C4A59,DRV_27,Out for delivery,2026-08-05 12:54:55,,,,Limo,0,-
PKG-25E8B6,DRV_57,Out for delivery,2026-08-05 12:52:50,,,,Cinere,56459,-
PKG-F72729,DRV_47,Out for delivery,2026-08-05 13:10:35,,,,Limo,0,-
PKG-595015,DRV_17,Out for delivery,2026-08-05 13:44:46,,,,Limo,49796,-
PKG-39DDF5,DRV_00,Out for delivery,2026-08-05 12:42:13,,,,Cinere,0,-
PKG-3480D1,DRV_28,Out for delivery,2026-08-05 13:11:50,,,,Cinere,91411,-
PKG-057F14,DRV_14,Out for delivery,2026-08-05 12:43:53,,,,Cinere,97263,-
PKG-4E459D,DRV_57,Out for delivery,2026-08-05 12:52:50,,,,Cinere,29188,-
PKG-79E94D,DRV_14,Out for delivery,2026-08-05 12:43:53,,,,Cinere,59589,-
PKG-4E7903,DRV_46,Out for delivery,2026-08-05 13:08:59,,,,Cinere,29339,-
PKG-693914,DRV_54,Out for delivery,2026-08-05 07:23:34,,,,Cinere,238271,-
PKG-8921C4,DRV_52,Out for delivery,2026-08-05 12:48:40,,,,Limo,0,-
PKG-152314,DRV_14,Out for delivery,2026-08-05 12:43:53,,,,Cinere,41510,-
PKG-F3882B,DRV_56,Out for delivery,2026-08-05 12:54:16,,,,Cinere,0,-
PKG-BCF6FF,DRV_23,Out for delivery,2026-08-05 12:49:48,,,,Limo,67544,-
PKG-4D269E,DRV_46,Out for delivery,2026-08-05 13:38:55,,,,Cinere,0,-
PKG-263C71,DRV_00,Out for delivery,2026-08-05 07:29:07,,,,Cinere,30199,-
PKG-567D14,DRV_07,Out for delivery,2026-08-05 12:50:53,,,,Cinere,23735,-
PKG-D8F5DB,DRV_06,Out for delivery,2026-08-05 13:27:49,,,,Limo,42758,-
PKG-953EAE,DRV_46,Out for delivery,2026-08-05 13:08:59,,,,Cinere,0,-
PKG-BEFDD2,DRV_12,Out for delivery,2026-08-05 13:02:25,,,,Cinere,27405,-
PKG-8C2D4E,DRV_14,Out for delivery,2026-08-05 12:43:53,,,,Cinere,21462,-
PKG-736D06,DRV_15,Out for delivery,2026-08-05 13:31:40,,,,Limo,67266,-
PKG-AC8331,DRV_46,Out for delivery,2026-08-05 13:38:55,,,,Cinere,0,-
PKG-F96740,DRV_23,Out for delivery,2026-08-05 12:49:48,,,,Limo,0,-
PKG-05A0CC,DRV_24,Out for delivery,2026-08-05 13:01:46,,,,Cinere,21462,-
PKG-00E7B0,DRV_40,Out for delivery,2026-08-05 12:56:37,,,,Limo,0,-
PKG-1A33FD,DRV_21,Out for delivery,2026-08-05 12:53:50,,,,Limo,22700,-
PKG-E67EFE,DRV_43,Out for delivery,2026-08-05 13:53:14,,,,Limo,23735,-
PKG-8BF7DA,DRV_04,Out for delivery,2026-08-05 13:11:21,,,,Limo,35779,-
PKG-C986A0,DRV_51,Out for delivery,2026-08-05 13:22:46,,,,Cinere,0,-
PKG-63DB7D,DRV_40,Out for delivery,2026-08-05 13:29:33,,,,Limo,21462,-
PKG-C0F1BB,DRV_51,Out for delivery,2026-08-05 13:22:46,,,,Cinere,0,-
PKG-A39688,DRV_47,Out for delivery,2026-08-05 13:10:35,,,,Limo,0,-
PKG-44DD7B,DRV_46,Out for delivery,2026-08-05 13:38:56,,,,Cinere,0,-
PKG-3B9C2B,DRV_11,Out for delivery,2026-08-05 12:46:00,,,,Limo,31308,-
PKG-454825,DRV_24,Out for delivery,2026-08-05 13:01:46,,,,Cinere,27269,-
PKG-AC0510,DRV_33,Out for delivery,2026-08-05 07:45:47,,,,Cinere,0,-
PKG-0CC347,DRV_19,Out for delivery,2026-08-05 13:07:00,,,,Limo,20862,-
PKG-AFD9E6,DRV_07,Out for delivery,2026-08-05 12:50:53,,,,Cinere,0,-
PKG-0CDCBD,DRV_47,Out for delivery,2026-08-05 13:10:35,,,,Limo,47924,-
PKG-D9C1AE,DRV_16,Out for delivery,2026-08-05 12:54:24,,,,Limo,0,-
PKG-18EAB4,DRV_56,Out for delivery,2026-08-05 12:54:16,,,,Cinere,0,-
PKG-F944D7,DRV_33,Out for delivery,2026-08-05 07:45:47,,,,Cinere,0,-
PKG-D36C24,DRV_37,Out for delivery,2026-08-05 12:52:20,,,,Limo,0,-
PKG-C4EDAC,DRV_00,Out for delivery,2026-08-05 13:57:44,,,,Limo,62869,-
PKG-E2AE5A,DRV_51,Out for delivery,2026-08-05 13:22:46,,,,Cinere,27771,-
PKG-699224,DRV_38,Out for delivery,2026-08-05 12:50:49,,,,Limo,0,-
PKG-099E8F,DRV_31,Out for delivery,2026-08-05 13:22:02,,,,Limo,13372,-
PKG-FC5AC8,DRV_12,Out for delivery,2026-08-05 13:02:25,,,,Cinere,0,-
PKG-0A200B,DRV_23,Out for delivery,2026-08-05 12:49:48,,,,Limo,0,-
PKG-E79DD6,DRV_49,Out for delivery,2026-08-05 13:24:16,,,,Limo,83792,-
PKG-916AE9,DRV_12,Out for delivery,2026-08-05 13:02:25,,,,Cinere,0,-
PKG-F1728F,DRV_40,Out for delivery,2026-08-05 12:56:37,,,,Limo,0,-
PKG-EE8FC7,DRV_40,Out for delivery,2026-08-05 12:56:37,,,,Limo,0,-
PKG-50D0D1,DRV_40,Out for delivery,2026-08-05 12:56:37,,,,Limo,0,-
PKG-A85299,DRV_40,Out for delivery,2026-08-05 12:56:37,,,,Limo,0,-
PKG-101786,DRV_51,Out for delivery,2026-08-05 08:12:14,,,,Cinere,34339,-
PKG-BF85E7,DRV_15,Out for delivery,2026-08-05 13:31:40,,,,Limo,0,-
PKG-35E772,DRV_29,Out for delivery,2026-08-05 12:48:34,,,,Cinere,0,-
PKG-F9E921,DRV_17,Out for delivery,2026-08-05 13:44:46,,,,Limo,81488,-
PKG-9E8F46,DRV_46,Out for delivery,2026-08-05 13:25:11,,,,Cinere,0,-
PKG-6FC89A,DRV_56,Out for delivery,2026-08-05 12:54:16,,,,Cinere,0,-
PKG-C164A9,DRV_54,Out for delivery,2026-08-05 13:01:46,,,,Cinere,0,-
PKG-226196,DRV_19,Out for delivery,2026-08-05 13:07:00,,,,Limo,0,-
PKG-6B9DEE,DRV_07,Out for delivery,2026-08-05 12:50:53,,,,Cinere,56808,-
PKG-5353E4,DRV_11,Out for delivery,2026-08-05 12:46:00,,,,Limo,0,-
PKG-726440,DRV_26,Out for delivery,2026-08-05 12:58:52,,,,Cinere,0,-
PKG-FB0DE7,DRV_47,Out for delivery,2026-08-05 13:10:35,,,,Limo,0,-
PKG-19268E,DRV_13,Out for delivery,2026-08-05 12:45:32,,,,Cinere,113682,-
PKG-2D1C52,DRV_15,Out for delivery,2026-08-05 08:18:32,,,,Limo,41662,-
PKG-A22D79,DRV_34,Out for delivery,2026-08-05 13:14:02,,,,Limo,0,-
PKG-328083,DRV_37,Out for delivery,2026-08-05 12:52:20,,,,Limo,106554,-
PKG-DAA2D6,DRV_33,Out for delivery,2026-08-05 13:00:41,,,,Cinere,0,-
PKG-2017EC,DRV_49,Out for delivery,2026-08-05 13:24:16,,,,Limo,0,-
PKG-3A3C26,DRV_37,Out for delivery,2026-08-05 12:52:20,,,,Limo,28159,-
PKG-8C3145,DRV_00,Out for delivery,2026-08-05 07:49:23,,,,Limo,67882,-
PKG-9313BC,DRV_30,Out for delivery,2026-08-05 13:02:29,,,,Limo,51913,-
PKG-A9DC9F,DRV_11,Out for delivery,2026-08-05 12:46:00,,,,Limo,0,-
PKG-34F82C,DRV_46,Out for delivery,2026-08-05 07:28:37,,,,Cinere,22220,-
PKG-6FD777,DRV_00,Out for delivery,2026-08-05 13:42:28,,,,Limo,248803,-
PKG-320C9A,DRV_00,Out for delivery,2026-08-05 13:42:28,,,,Limo,248803,-
PKG-6382D3,DRV_00,Out for delivery,2026-08-05 13:42:28,,,,Limo,265363,-
PKG-775352,DRV_33,Out for delivery,2026-08-05 13:00:41,,,,Cinere,112413,-
PKG-9BCA0B,DRV_00,Out for delivery,2026-08-05 13:42:28,,,,Limo,265610,-
PKG-383DE7,DRV_23,Out for delivery,2026-08-05 12:49:48,,,,Limo,22119,-
PKG-D9FEAF,DRV_00,Out for delivery,2026-08-05 13:42:28,,,,Limo,267145,-
PKG-650283,DRV_00,Out for delivery,2026-08-05 13:42:28,,,,Limo,265363,-
PKG-758122,DRV_52,Out for delivery,2026-08-05 07:42:35,,,,Limo,98374,-
PKG-EAB65F,DRV_00,Out for delivery,2026-08-05 13:42:28,,,,Limo,265363,-
PKG-A1671B,DRV_00,Out for delivery,2026-08-05 13:42:28,,,,Limo,265363,-
PKG-678FB7,DRV_00,Out for delivery,2026-08-05 13:42:28,,,,Limo,248803,-
PKG-03E3E6,DRV_00,Out for delivery,2026-08-05 13:42:28,,,,Limo,264216,-
PKG-18BCEC,DRV_00,Out for delivery,2026-08-05 13:42:28,,,,Limo,265363,-
PKG-4E2F82,DRV_00,Out for delivery,2026-08-05 13:42:28,,,,Limo,265363,-
PKG-C44B82,DRV_54,Out for delivery,2026-08-05 13:01:46,,,,Cinere,72451,-
PKG-4BEAC3,DRV_00,Out for delivery,2026-08-05 13:42:28,,,,Limo,265363,-
PKG-B41E2D,DRV_00,Out for delivery,2026-08-05 13:42:28,,,,Limo,265363,-
PKG-F23CAC,DRV_00,Out for delivery,2026-08-05 13:42:28,,,,Limo,263343,-
PKG-586A29,DRV_00,Out for delivery,2026-08-05 13:42:28,,,,Limo,265832,-
PKG-EB0E27,DRV_39,Out for delivery,2026-08-05 07:27:23,,,,Cinere,113660,-
PKG-554957,DRV_23,Out for delivery,2026-08-05 13:09:16,,,,Limo,0,-
PKG-3DCEFE,DRV_21,Out for delivery,2026-08-05 12:53:50,,,,Limo,43541,-
PKG-EC19CB,DRV_18,Out for delivery,2026-08-05 12:48:44,,,,Limo,47571,-
PKG-6F3C69,DRV_25,Out for delivery,2026-08-05 07:58:33,,,,Cinere,49983,-
PKG-31D893,DRV_00,Out for delivery,2026-08-05 12:58:40,,,,Limo,0,-
PKG-CC0F80,DRV_57,Out for delivery,2026-08-05 12:52:50,,,,Cinere,39390,-
PKG-9CB6D5,DRV_32,Out for delivery,2026-08-05 12:54:30,,,,Cinere,49581,-
PKG-C55B50,DRV_00,Out for delivery,2026-08-05 12:58:40,,,,Limo,0,-
PKG-BF6783,DRV_57,Out for delivery,2026-08-05 12:52:50,,,,Cinere,0,-
PKG-F4558F,DRV_43,Out for delivery,2026-08-05 12:55:50,,,,Limo,35340,-
PKG-8873F4,DRV_11,Out for delivery,2026-08-05 13:28:21,,,,Limo,0,-
PKG-C250FA,DRV_39,Out for delivery,2026-08-05 13:31:41,,,,Cinere,30300,-
PKG-08AF23,DRV_12,Out for delivery,2026-08-05 13:02:25,,,,Cinere,37774,-
PKG-4A0664,DRV_16,Out for delivery,2026-08-05 12:54:24,,,,Limo,181800,-
PKG-6E1C22,DRV_13,Out for delivery,2026-08-05 12:45:32,,,,Cinere,23229,-
PKG-C8D196,DRV_39,Out for delivery,2026-08-05 13:31:41,,,,Cinere,0,-
PKG-559A99,DRV_19,Out for delivery,2026-08-05 13:07:00,,,,Limo,49894,-
PKG-976EBB,DRV_06,Out for delivery,2026-08-05 13:28:39,,,,Limo,0,-
PKG-40405B,DRV_16,Out for delivery,2026-08-05 12:54:24,,,,Limo,58176,-
PKG-034B22,DRV_16,Out for delivery,2026-08-05 12:54:24,,,,Limo,58176,-
PKG-1CDF59,DRV_28,Out for delivery,2026-08-05 13:11:50,,,,Cinere,0,-
PKG-A2450F,DRV_29,Out for delivery,2026-08-05 12:48:34,,,,Cinere,0,-
PKG-219992,DRV_47,Out for delivery,2026-08-05 13:10:35,,,,Limo,11605,-
PKG-9E2F89,DRV_46,Out for delivery,2026-08-05 13:08:59,,,,Cinere,16952,-
PKG-6DEDB2,DRV_56,Out for delivery,2026-08-05 07:19:09,,,,Cinere,395011,-
PKG-5119B1,DRV_18,Out for delivery,2026-08-05 12:48:44,,,,Limo,0,-
PKG-94610A,DRV_20,Out for delivery,2026-08-05 13:21:02,,,,Limo,0,-
PKG-3B1571,DRV_00,Out for delivery,2026-08-05 13:57:44,,,,Limo,33734,-
PKG-BF0360,DRV_12,Out for delivery,2026-08-05 13:02:25,,,,Cinere,12625,-
PKG-830A6F,DRV_26,Out for delivery,2026-08-05 12:58:52,,,,Cinere,41228,-
PKG-F876FD,DRV_07,Out for delivery,2026-08-05 12:50:53,,,,Cinere,32472,-
PKG-5C3010,DRV_40,Out for delivery,2026-08-05 13:14:02,,,,Limo,160832,-
PKG-F730F1,DRV_25,Out for delivery,2026-08-05 13:13:19,,,,Cinere,186850,-
PKG-3F4CBF,DRV_22,Out for delivery,2026-08-05 13:35:38,,,,Limo,0,-
PKG-C138A7,DRV_51,Out for delivery,2026-08-05 13:22:46,,,,Cinere,0,-
PKG-B1439E,DRV_33,Out for delivery,2026-08-05 13:00:41,,,,Cinere,305050,-
PKG-B31202,DRV_58,Out for delivery,2026-08-05 13:28:56,,,,Limo,165529,-
PKG-B9D632,DRV_29,Out for delivery,2026-08-05 12:48:34,,,,Cinere,346329,-
PKG-685B7F,DRV_52,Out for delivery,2026-08-05 12:48:40,,,,Limo,30299,-
PKG-1095B9,DRV_26,Out for delivery,2026-08-05 12:58:52,,,,Cinere,285022,-
PKG-204233,DRV_40,Out for delivery,2026-08-05 12:57:53,,,,Limo,187913,-
PKG-06EB1D,DRV_34,Out for delivery,2026-08-05 07:51:29,,,,Limo,191900,-
PKG-7C1A90,DRV_47,Out for delivery,2026-08-05 13:10:35,,,,Limo,142622,-
PKG-110E9F,DRV_50,Out for delivery,2026-08-05 12:50:19,,,,Cinere,180790,-
PKG-FFA0B1,DRV_15,Out for delivery,2026-08-05 13:31:40,,,,Limo,158608,-
PKG-7D1F17,DRV_46,Out for delivery,2026-08-05 13:38:56,,,,Cinere,165175,-
PKG-C639D4,DRV_36,Out for delivery,2026-08-05 12:52:51,,,,Cinere,188214,-
PKG-14CAA0,DRV_43,Out for delivery,2026-08-05 12:55:50,,,,Limo,181066,-
PKG-8CDC6E,DRV_28,Out for delivery,2026-08-05 13:11:50,,,,Cinere,65454,-
PKG-09AA9F,DRV_14,Out for delivery,2026-08-05 12:43:53,,,,Cinere,186850,-
PKG-5DB098,DRV_03,Out for delivery,2026-08-05 13:02:20,,,,Cinere,121099,-
PKG-9B523F,DRV_37,Out for delivery,2026-08-05 12:52:20,,,,Limo,178608,-
PKG-FB9EC7,DRV_47,Out for delivery,2026-08-05 13:10:35,,,,Limo,178265,-
PKG-C44ABD,DRV_29,Out for delivery,2026-08-05 12:48:34,,,,Cinere,0,-
PKG-EE8454,DRV_37,Out for delivery,2026-08-05 12:52:20,,,,Limo,65703,-
PKG-802962,DRV_21,Out for delivery,2026-08-05 12:53:50,,,,Limo,32724,-
PKG-3DEA81,DRV_39,Out for delivery,2026-08-05 13:31:41,,,,Cinere,0,-
PKG-714785,DRV_44,Out for delivery,2026-08-05 12:46:51,,,,Cinere,273811,-
PKG-C88CA3,DRV_36,Out for delivery,2026-08-05 12:52:51,,,,Cinere,16968,-
PKG-4A190B,DRV_58,Out for delivery,2026-08-05 13:28:56,,,,Limo,13129,-
PKG-14A88F,DRV_07,Out for delivery,2026-08-05 12:50:53,,,,Cinere,29290,-
PKG-AAEF5E,DRV_51,Out for delivery,2026-08-05 13:22:46,,,,Cinere,51793,-
PKG-4D5420,DRV_44,Out for delivery,2026-08-05 12:46:51,,,,Cinere,15211,-
PKG-1ADF82,DRV_21,Out for delivery,2026-08-05 13:14:06,,,,Limo,0,-
PKG-F67FF8,DRV_56,Out for delivery,2026-08-05 12:54:16,,,,Cinere,144612,-
PKG-2E895D,DRV_40,Out for delivery,2026-08-05 12:56:37,,,,Limo,48783,-
PKG-2A9AA6,DRV_06,Out for delivery,2026-08-05 13:27:49,,,,Limo,42925,-
PKG-2CDBC6,DRV_56,Out for delivery,2026-08-05 12:54:16,,,,Cinere,37821,-
PKG-607640,DRV_16,Out for delivery,2026-08-05 12:54:24,,,,Limo,17169,-
PKG-B68770,DRV_22,Out for delivery,2026-08-05 13:35:38,,,,Limo,37087,-
PKG-10407B,DRV_56,Out for delivery,2026-08-05 12:54:16,,,,Cinere,0,-
PKG-864A3C,DRV_18,Out for delivery,2026-08-05 12:57:25,,,,Limo,0,-
PKG-549F11,DRV_51,Out for delivery,2026-08-05 13:22:46,,,,Cinere,23682,-
PKG-9B77C8,DRV_13,Out for delivery,2026-08-05 12:45:32,,,,Cinere,0,-
PKG-D764A9,DRV_14,Out for delivery,2026-08-05 12:43:53,,,,Cinere,14996,-
PKG-755258,DRV_16,Out for delivery,2026-08-05 12:54:24,,,,Limo,12160,-
PKG-7858D6,DRV_25,Out for delivery,2026-08-05 13:13:19,,,,Cinere,0,-
PKG-35D8C9,DRV_22,Out for delivery,2026-08-05 13:35:38,,,,Limo,22220,-
PKG-88FE85,DRV_00,Out for delivery,2026-08-05 13:42:28,,,,Limo,248803,-
PKG-770FCC,DRV_26,Out for delivery,2026-08-05 12:58:52,,,,Cinere,41056,-
PKG-975C78,DRV_17,Out for delivery,2026-08-05 13:44:46,,,,Limo,63276,-
PKG-8F71C3,DRV_56,Out for delivery,2026-08-05 12:54:16,,,,Cinere,35855,-
PKG-995B5B,DRV_29,Out for delivery,2026-08-05 12:48:34,,,,Cinere,0,-
PKG-E6AF2D,DRV_33,Out for delivery,2026-08-05 13:00:41,,,,Cinere,0,-
PKG-D9F1EB,DRV_17,Out for delivery,2026-08-05 13:44:46,,,,Limo,0,-
PKG-478A36,DRV_20,Out for delivery,2026-08-05 13:21:02,,,,Limo,25149,-
PKG-BC5280,DRV_16,Out for delivery,2026-08-05 12:54:24,,,,Cinere,27277,-
PKG-36A5E2,DRV_15,Out for delivery,2026-08-05 13:31:40,,,,Limo,169740,-
PKG-836491,DRV_14,Out for delivery,2026-08-05 12:43:53,,,,Cinere,26159,-
PKG-518E8A,DRV_27,Out for delivery,2026-08-05 12:54:55,,,,Limo,21210,-
PKG-C81C43,DRV_00,Out for delivery,2026-08-05 12:58:40,,,,Limo,54722,-
PKG-8D68ED,DRV_12,Out for delivery,2026-08-05 08:02:36,,,,Cinere,50550,-
PKG-E162F5,DRV_21,Out for delivery,2026-08-05 12:53:50,,,,Limo,0,-
PKG-0D4189,DRV_39,Out for delivery,2026-08-05 13:31:41,,,,Cinere,0,-
PKG-CC8DC1,DRV_44,Out for delivery,2026-08-05 12:46:51,,,,Cinere,0,-
PKG-A9F6EB,DRV_37,Out for delivery,2026-08-05 12:54:04,,,,Limo,19190,-
PKG-08C377,DRV_36,Out for delivery,2026-08-05 12:52:51,,,,Cinere,0,-
PKG-5FD044,DRV_49,Out for delivery,2026-08-05 13:24:16,,,,Limo,17170,-
PKG-18DFF5,DRV_37,Out for delivery,2026-08-05 12:52:20,,,,Limo,0,-
PKG-1E02C1,DRV_16,Out for delivery,2026-08-05 12:54:24,,,,Limo,0,-
PKG-D6E774,DRV_57,Out for delivery,2026-08-05 07:38:15,,,,Cinere,52477,-
PKG-7D8FA3,DRV_12,Out for delivery,2026-08-05 08:02:36,,,,Cinere,25896,-
PKG-6C8164,DRV_30,Out for delivery,2026-08-05 13:02:29,,,,Limo,0,-
PKG-7C13A3,DRV_00,Out for delivery,2026-08-05 12:58:40,,,,Limo,48012,-
PKG-B1670F,DRV_22,Out for delivery,2026-08-05 13:35:38,,,,Limo,41695,-
PKG-E706A8,DRV_54,Out for delivery,2026-08-05 13:01:46,,,,Cinere,55731,-
PKG-A33DB9,DRV_33,Out for delivery,2026-08-05 07:45:47,,,,Cinere,52086,-
PKG-FD29C0,DRV_37,Out for delivery,2026-08-05 12:52:20,,,,Limo,47773,-
PKG-DB972B,DRV_24,Out for delivery,2026-08-05 07:34:07,,,,Cinere,14867,-
PKG-68971A,DRV_51,Out for delivery,2026-08-05 13:22:46,,,,Cinere,0,-
PKG-74F3A0,DRV_46,Out for delivery,2026-08-05 13:25:11,,,,Cinere,48783,-
PKG-771C3E,DRV_12,Out for delivery,2026-08-05 13:02:25,,,,Cinere,23230,-
PKG-4DBBCE,DRV_50,Out for delivery,2026-08-05 12:50:19,,,,Cinere,0,-
PKG-D75F59,DRV_18,Out for delivery,2026-08-05 12:48:44,,,,Limo,0,-
PKG-25EC34,DRV_17,Out for delivery,2026-08-05 13:44:46,,,,Limo,0,-
PKG-D83701,DRV_46,Out for delivery,2026-08-05 13:27:52,,,,Cinere,102212,-
PKG-A8BC28,DRV_50,Out for delivery,2026-08-05 12:50:19,,,,Cinere,0,-
PKG-A4D5B6,DRV_16,Out for delivery,2026-08-05 12:54:24,,,,Limo,17372,-
PKG-A23EE6,DRV_56,Out for delivery,2026-08-05 12:54:16,,,,Cinere,0,-
PKG-FB5D6A,DRV_19,Out for delivery,2026-08-05 13:07:00,,,,Limo,19876,-
PKG-882B93,DRV_04,Out for delivery,2026-08-05 13:11:21,,,,Limo,17013,-
PKG-893A83,DRV_00,Out for delivery,2026-08-05 13:57:44,,,,Limo,32698,-
PKG-46459A,DRV_14,Out for delivery,2026-08-05 12:43:53,,,,Cinere,63125,-
PKG-D88FBD,DRV_29,Out for delivery,2026-08-05 12:48:34,,,,Cinere,27593,-
PKG-428055,DRV_33,Out for delivery,2026-08-05 13:00:41,,,,Cinere,100931,-
PKG-B1C5A6,DRV_26,Out for delivery,2026-08-05 12:58:52,,,,Cinere,131502,-
PKG-D32CE1,DRV_36,Out for delivery,2026-08-05 12:52:51,,,,Cinere,0,-
PKG-977E75,DRV_35,Out for delivery,2026-08-05 12:45:47,,,,Cinere,16867,-
PKG-96F666,DRV_56,Out for delivery,2026-08-05 12:54:16,,,,Cinere,111595,-
PKG-A60B88,DRV_37,Out for delivery,2026-08-05 12:52:20,,,,Limo,0,-
PKG-F2FF97,DRV_24,Out for delivery,2026-08-05 13:01:46,,,,Cinere,25502,-
PKG-915686,DRV_06,Out for delivery,2026-08-05 13:27:49,,,,Limo,0,-
PKG-9B16E2,DRV_43,Out for delivery,2026-08-05 12:55:50,,,,Limo,10861,-
PKG-E845CC,DRV_54,Out for delivery,2026-08-05 13:01:46,,,,Cinere,41662,-
PKG-966023,DRV_06,Out for delivery,2026-08-05 13:27:49,,,,Limo,0,-
PKG-1957D9,DRV_06,Out for delivery,2026-08-05 13:27:49,,,,Limo,0,-
PKG-2DCAC7,DRV_43,Out for delivery,2026-08-05 12:55:50,,,,Limo,39491,-
PKG-4967B0,DRV_32,Out for delivery,2026-08-05 12:54:30,,,,Cinere,19089,-
PKG-DCCF6D,DRV_12,Out for delivery,2026-08-05 13:02:25,,,,Cinere,0,-
PKG-0A3FF1,DRV_39,Out for delivery,2026-08-05 13:31:41,,,,Cinere,46218,-
PKG-9A7CD5,DRV_34,Out for delivery,2026-08-05 13:14:02,,,,Limo,0,-
PKG-9338F8,DRV_18,Out for delivery,2026-08-05 07:53:43,,,,Limo,42117,-
PKG-716E0F,DRV_54,Out for delivery,2026-08-05 13:01:46,,,,Cinere,0,-
PKG-38C90B,DRV_56,Out for delivery,2026-08-05 12:54:16,,,,Cinere,53267,-
PKG-0FAE7D,DRV_52,Out for delivery,2026-08-05 12:48:40,,,,Limo,38577,-
PKG-49D620,DRV_35,Out for delivery,2026-08-05 13:06:01,,,,Cinere,0,-
PKG-224076,DRV_34,Out for delivery,2026-08-05 13:14:02,,,,Limo,0,-
PKG-C8435A,DRV_44,Out for delivery,2026-08-05 12:46:51,,,,Cinere,32005,-
PKG-CDD7D8,DRV_16,Out for delivery,2026-08-05 12:54:24,,,,Limo,0,-
PKG-40603C,DRV_34,Out for delivery,2026-08-05 13:14:02,,,,Limo,0,-
PKG-53365B,DRV_00,Out for delivery,2026-08-05 13:57:44,,,,Limo,26824,-
PKG-0B3063,DRV_46,Out for delivery,2026-08-05 13:46:00,,,,Cinere,151581,-
PKG-ADA0A3,DRV_56,Out for delivery,2026-08-05 12:54:16,,,,Cinere,0,-
PKG-4C0F61,DRV_06,Out for delivery,2026-08-05 13:27:49,,,,Limo,17383,-
PKG-335244,DRV_51,Out for delivery,2026-08-05 13:22:46,,,,Cinere,82358,-
PKG-4E9D36,DRV_15,Out for delivery,2026-08-05 13:31:40,,,,Limo,0,-
PKG-FD83DD,DRV_22,Out for delivery,2026-08-05 13:35:38,,,,Limo,0,-
PKG-E5E205,DRV_27,Out for delivery,2026-08-05 12:54:55,,,,Limo,54722,-
PKG-F1E81B,DRV_17,Out for delivery,2026-08-05 13:44:46,,,,Cinere,0,-
PKG-ADB4B1,DRV_57,Out for delivery,2026-08-05 07:38:15,,,,Cinere,22159,-
PKG-D94F9B,DRV_23,Out for delivery,2026-08-05 12:49:48,,,,Limo,0,-
PKG-AB7401,DRV_28,Out for delivery,2026-08-05 13:11:50,,,,Cinere,0,-
PKG-5A8E94,DRV_18,Out for delivery,2026-08-05 12:48:44,,,,Limo,17170,-
PKG-C178E5,DRV_32,Out for delivery,2026-08-05 12:54:30,,,,Cinere,0,-
PKG-23A927,DRV_35,Out for delivery,2026-08-05 12:46:01,,,,Cinere,0,-
PKG-B6B2B1,DRV_00,Out for delivery,2026-08-05 07:49:23,,,,Limo,57121,-
PKG-824016,DRV_35,Out for delivery,2026-08-05 13:06:01,,,,Cinere,13634,-
PKG-E62303,DRV_51,Out for delivery,2026-08-05 13:22:46,,,,Cinere,27270,-
PKG-80E64B,DRV_56,Out for delivery,2026-08-05 12:54:16,,,,Cinere,36050,-
PKG-EB80BA,DRV_12,Out for delivery,2026-08-05 13:02:25,,,,Cinere,0,-
PKG-52C14D,DRV_57,Out for delivery,2026-08-05 07:38:15,,,,Cinere,56762,-
PKG-8EB0B3,DRV_06,Out for delivery,2026-08-05 13:27:49,,,,Limo,0,-
PKG-E7E200,DRV_13,Out for delivery,2026-08-05 12:45:32,,,,Cinere,0,-
PKG-DF4B9A,DRV_43,Out for delivery,2026-08-05 12:55:50,,,,Limo,23129,-
PKG-57E0B7,DRV_54,Out for delivery,2026-08-05 13:01:46,,,,Limo,0,-
PKG-1EB8C9,DRV_14,Out for delivery,2026-08-05 12:43:53,,,,Cinere,42840,-
PKG-3D9E50,DRV_00,Out for delivery,2026-08-05 13:14:07,,,,Cinere,29492,-
PKG-8421C5,DRV_57,Out for delivery,2026-08-05 13:48:11,,,,Cinere,36360,-
PKG-47F27D,DRV_04,Out for delivery,2026-08-05 13:11:21,,,,Limo,15363,-
PKG-FC215A,DRV_26,Out for delivery,2026-08-05 12:58:52,,,,Cinere,18300,-
PKG-FA1C36,DRV_46,Out for delivery,2026-08-05 13:08:59,,,,Cinere,148471,-
PKG-0B1B62,DRV_16,Out for delivery,2026-08-05 13:00:10,,,,Limo,119281,-
PKG-35B9D9,DRV_39,Out for delivery,2026-08-05 13:31:41,,,,Cinere,61266,-
PKG-27E95D,DRV_44,Out for delivery,2026-08-05 12:46:51,,,,Cinere,0,-
PKG-3EA3DE,DRV_34,Out for delivery,2026-08-05 13:14:02,,,,Limo,6866,-
PKG-674748,DRV_24,Out for delivery,2026-08-05 13:01:46,,,,Cinere,0,-
PKG-9A57D7,DRV_35,Out for delivery,2026-08-05 12:45:47,,,,Cinere,31901,-
PKG-4430D2,DRV_35,Out for delivery,2026-08-05 13:06:00,,,,Cinere,0,-
PKG-11BF3D,DRV_12,Out for delivery,2026-08-05 13:02:25,,,,Cinere,0,-
PKG-440F26,DRV_21,Out for delivery,2026-08-05 12:53:50,,,,Limo,90015,-
PKG-5570B3,DRV_00,Out for delivery,2026-08-05 12:58:40,,,,Limo,15049,-
PKG-771578,DRV_36,Out for delivery,2026-08-05 12:52:51,,,,Cinere,0,-
PKG-B60893,DRV_36,Out for delivery,2026-08-05 12:53:18,,,,Cinere,0,-
PKG-5B63F5,DRV_03,Out for delivery,2026-08-05 13:02:20,,,,Cinere,0,-
PKG-48F54B,DRV_23,Out for delivery,2026-08-05 12:59:11,,,,Limo,58900,-
PKG-04EF6E,DRV_47,Out for delivery,2026-08-05 13:10:35,,,,Limo,23735,-
PKG-92B90B,DRV_15,Out for delivery,2026-08-05 08:18:32,,,,Limo,17808,-
PKG-107024,DRV_12,Out for delivery,2026-08-05 13:02:25,,,,Cinere,46308,-
PKG-94EF2A,DRV_05,Out for delivery,2026-08-05 07:36:15,,,,Cinere,31309,-
PKG-93F469,DRV_56,Out for delivery,2026-08-05 12:54:16,,,,Cinere,28603,-
PKG-4ADBAA,DRV_27,Out for delivery,2026-08-05 12:54:55,,,,Limo,0,-
PKG-27D240,DRV_21,Out for delivery,2026-08-05 12:53:50,,,,Limo,0,-
PKG-042CE4,DRV_46,Out for delivery,2026-08-05 13:40:56,,,,Cinere,14725,-
PKG-CD70B2,DRV_00,Out for delivery,2026-08-05 13:57:44,,,,Limo,63818,-
PKG-1A8084,DRV_12,Out for delivery,2026-08-05 08:02:36,,,,Cinere,53563,-
PKG-24AC4B,DRV_56,Out for delivery,2026-08-05 07:19:09,,,,Cinere,6696,-
PKG-EA916F,DRV_45,Out for delivery,2026-08-05 13:53:38,,,,Limo,23230,-
PKG-638860,DRV_23,Out for delivery,2026-08-05 13:09:16,,,,Limo,0,-
PKG-496CE6,DRV_07,Out for delivery,2026-08-05 12:50:53,,,,Cinere,0,-
PKG-DA8366,DRV_24,Out for delivery,2026-08-05 07:34:07,,,,Cinere,160590,-
PKG-E5CF2F,DRV_12,Out for delivery,2026-08-05 13:02:25,,,,Cinere,12797,-
PKG-BCF7E2,DRV_33,Out for delivery,2026-08-05 13:00:41,,,,Cinere,0,-
PKG-701B3B,DRV_11,Out for delivery,2026-08-05 12:46:00,,,,Limo,51337,-
PKG-F537D8,DRV_03,Out for delivery,2026-08-05 13:02:20,,,,Cinere,0,-
PKG-EBB80E,DRV_39,Out for delivery,2026-08-05 07:27:23,,,,Cinere,333906,-
PKG-E8FBB0,DRV_22,Out for delivery,2026-08-05 13:35:38,,,,Limo,0,-
PKG-81D199,DRV_03,Out for delivery,2026-08-05 07:47:26,,,,Cinere,26967,-
PKG-96E47F,DRV_36,Out for delivery,2026-08-05 12:52:51,,,,Cinere,0,-
PKG-CA9853,DRV_00,Out for delivery,2026-08-05 07:43:15,,,,Limo,11110,-
PKG-938996,DRV_15,Out for delivery,2026-08-05 13:31:40,,,,Limo,0,-
PKG-F28A2D,DRV_52,Out for delivery,2026-08-05 07:42:35,,,,Limo,102442,-
PKG-30C8A2,DRV_26,Out for delivery,2026-08-05 12:58:52,,,,Cinere,30101,-
PKG-89E260,DRV_57,Out for delivery,2026-08-05 13:48:11,,,,Cinere,0,-
PKG-7BF973,DRV_45,Out for delivery,2026-08-05 08:00:08,,,,Limo,33480,-
PKG-3D823F,DRV_00,Out for delivery,2026-08-05 13:57:44,,,,Limo,31310,-
PKG-1264F2,DRV_26,Out for delivery,2026-08-05 12:58:52,,,,Cinere,86052,-
PKG-145BCD,DRV_43,Out for delivery,2026-08-05 12:55:50,,,,Limo,24745,-
PKG-C9C7C5,DRV_00,Out for delivery,2026-08-05 07:30:20,,,,Cinere,122412,-
PKG-84FEE8,DRV_00,Out for delivery,2026-08-05 12:58:40,,,,Limo,130896,-
PKG-3D80E3,DRV_31,Out for delivery,2026-08-05 13:22:02,,,,Limo,29314,-
PKG-BF3C40,DRV_37,Out for delivery,2026-08-05 12:52:20,,,,Limo,0,-
PKG-22CA86,DRV_35,Out for delivery,2026-08-05 12:45:47,,,,Cinere,104009,-
PKG-1B46D8,DRV_27,Out for delivery,2026-08-05 07:53:08,,,,Limo,76480,-
PKG-F12E3D,DRV_43,Out for delivery,2026-08-05 13:53:14,,,,Limo,32421,-
PKG-9F8EE9,DRV_00,Out for delivery,2026-08-05 07:49:23,,,,Limo,0,-
PKG-D3896B,DRV_24,Out for delivery,2026-08-05 13:01:46,,,,Cinere,0,-
PKG-9006D8,DRV_13,Out for delivery,2026-08-05 12:45:32,,,,Cinere,0,-
PKG-B836B2,DRV_16,Out for delivery,2026-08-05 12:54:24,,,,Limo,0,-
PKG-24D919,DRV_46,Out for delivery,2026-08-05 13:08:59,,,,Cinere,0,-
PKG-77E53D,DRV_54,Out for delivery,2026-08-05 13:01:46,,,,Cinere,0,-
PKG-714A91,DRV_29,Out for delivery,2026-08-05 07:23:27,,,,Cinere,51408,-
PKG-9A3863,DRV_52,Out for delivery,2026-08-05 07:42:35,,,,Limo,13130,-
PKG-41C3D4,DRV_36,Out for delivery,2026-08-05 07:44:21,,,,Cinere,32421,-
PKG-80FB12,DRV_33,Out for delivery,2026-08-05 13:00:41,,,,Cinere,0,-
PKG-8C86B3,DRV_51,Out for delivery,2026-08-05 08:12:14,,,,Cinere,46967,-
PKG-8F5A18,DRV_51,Out for delivery,2026-08-05 08:12:14,,,,Cinere,53898,-
PKG-4247C7,DRV_58,Out for delivery,2026-08-05 13:28:56,,,,Limo,13988,-
PKG-F62F74,DRV_18,Out for delivery,2026-08-05 12:48:44,,,,Limo,0,-
PKG-29E048,DRV_23,Out for delivery,2026-08-05 07:50:47,,,,Limo,48047,-
PKG-884952,DRV_50,Out for delivery,2026-08-05 12:50:19,,,,Cinere,12716,-
PKG-821762,DRV_58,Out for delivery,2026-08-05 13:28:56,,,,Limo,14645,-
PKG-DD42D0,DRV_24,Out for delivery,2026-08-05 07:34:07,,,,Cinere,26720,-
PKG-8E306C,DRV_44,Out for delivery,2026-08-05 12:46:51,,,,Cinere,0,-
PKG-7D8916,DRV_24,Out for delivery,2026-08-05 13:01:46,,,,Cinere,14923,-
PKG-878EE7,DRV_45,Out for delivery,2026-08-05 08:00:08,,,,Limo,17601,-
PKG-BCEC04,DRV_31,Out for delivery,2026-08-05 13:22:02,,,,Limo,0,-
PKG-10AA6A,DRV_24,Out for delivery,2026-08-05 07:34:07,,,,Cinere,13829,-
PKG-309997,DRV_45,Out for delivery,2026-08-05 08:00:08,,,,Limo,13695,-
PKG-5831F5,DRV_32,Out for delivery,2026-08-05 12:54:30,,,,Cinere,20705,-
PKG-5471DC,DRV_52,Out for delivery,2026-08-05 13:32:47,,,,Limo,13635,-
PKG-182258,DRV_54,Out for delivery,2026-08-05 13:01:46,,,,Cinere,15150,-
PKG-D7C9C1,DRV_30,Out for delivery,2026-08-05 13:02:29,,,,Limo,39798,-
PKG-F876FE,DRV_57,Out for delivery,2026-08-05 07:38:15,,,,Cinere,0,-
PKG-58C148,DRV_52,Out for delivery,2026-08-05 12:48:40,,,,Limo,17675,-
PKG-B85DD5,DRV_27,Out for delivery,2026-08-05 12:54:55,,,,Limo,93559,-
PKG-22D06B,DRV_52,Out for delivery,2026-08-05 12:48:40,,,,Limo,49965,-
PKG-172590,DRV_19,Out for delivery,2026-08-05 13:07:00,,,,Limo,48884,-
PKG-882425,DRV_57,Out for delivery,2026-08-05 07:38:15,,,,Cinere,67771,-
PKG-E2700A,DRV_51,Out for delivery,2026-08-05 08:12:14,,,,Cinere,12774,-
PKG-062300,DRV_33,Out for delivery,2026-08-05 13:00:41,,,,Cinere,27270,-
PKG-809879,DRV_06,Out for delivery,2026-08-05 07:56:57,,,,Limo,37713,-
PKG-B5C033,DRV_28,Out for delivery,2026-08-05 07:35:59,,,,Cinere,41006,-
PKG-803556,DRV_31,Out for delivery,2026-08-05 13:22:02,,,,Limo,41337,-
PKG-B15DEF,DRV_38,Out for delivery,2026-08-05 12:50:49,,,,Limo,41935,-
PKG-D9F592,DRV_06,Out for delivery,2026-08-05 07:56:57,,,,Limo,32408,-
PKG-72B7FC,DRV_12,Out for delivery,2026-08-05 08:02:36,,,,Cinere,62842,-
PKG-D5B0B5,DRV_36,Out for delivery,2026-08-05 07:44:21,,,,Cinere,150434,-
PKG-F08031,DRV_03,Out for delivery,2026-08-05 07:47:26,,,,Cinere,158272,-
PKG-E63118,DRV_24,Out for delivery,2026-08-05 07:34:07,,,,Cinere,19908,-
PKG-A2235A,DRV_35,Out for delivery,2026-08-05 07:39:10,,,,Cinere,23735,-
PKG-32BE89,DRV_37,Out for delivery,2026-08-05 12:50:32,,,,Limo,27270,-
PKG-99C335,DRV_58,Out for delivery,2026-08-05 13:28:56,,,,Limo,54703,-
PKG-2DCD88,DRV_24,Out for delivery,2026-08-05 07:34:07,,,,Cinere,21210,-
PKG-CB42D3,DRV_37,Out for delivery,2026-08-05 07:36:20,,,,Limo,11716,-
PKG-2C6046,DRV_45,Out for delivery,2026-08-05 13:53:42,,,,Limo,42946,-
PKG-941B34,DRV_12,Out for delivery,2026-08-05 08:02:36,,,,Cinere,12009,-
PKG-1E3844,DRV_21,Out for delivery,2026-08-05 12:53:50,,,,Limo,0,-
PKG-2E5AF5,DRV_11,Out for delivery,2026-08-05 12:46:00,,,,Limo,11352,-
PKG-0A5068,DRV_00,Out for delivery,2026-08-05 12:42:13,,,,Cinere,19670,-
PKG-7BC25E,DRV_34,Out for delivery,2026-08-05 13:14:02,,,,Limo,22220,-
PKG-E9F826,DRV_06,Out for delivery,2026-08-05 13:27:49,,,,Limo,0,-
PKG-8C7D55,DRV_58,Out for delivery,2026-08-05 12:46:02,,,,Limo,118675,-
PKG-88215F,DRV_12,Out for delivery,2026-08-05 08:03:25,,,,Cinere,23734,-
PKG-422057,DRV_45,Out for delivery,2026-08-05 13:31:27,,,,Limo,0,-
PKG-C14997,DRV_06,Out for delivery,2026-08-05 07:56:57,,,,Limo,53569,-
PKG-CCFAE3,DRV_38,Out for delivery,2026-08-05 12:50:49,,,,Limo,38862,-
PKG-B28029,DRV_14,Out for delivery,2026-08-05 07:23:28,,,,Cinere,45722,-
PKG-DE1170,DRV_07,Out for delivery,2026-08-05 12:50:53,,,,Cinere,95526,-
PKG-5A5253,DRV_28,Out for delivery,2026-08-05 13:11:50,,,,Cinere,0,-
PKG-55E156,DRV_37,Out for delivery,2026-08-05 07:36:20,,,,Limo,16120,-
PKG-B2CD2B,DRV_57,Out for delivery,2026-08-05 07:38:15,,,,Cinere,51813,-
PKG-DC3C44,DRV_17,Out for delivery,2026-08-05 07:47:30,,,,Limo,34340,-
PKG-901F9B,DRV_06,Out for delivery,2026-08-05 07:56:57,,,,Limo,25250,-
PKG-B0C5CC,DRV_36,Out for delivery,2026-08-05 13:06:51,,,,Cinere,87264,-
PKG-4B2CE4,DRV_07,Out for delivery,2026-08-05 07:41:10,,,,Cinere,57872,-
PKG-62FEEC,DRV_45,Out for delivery,2026-08-05 08:00:08,,,,Limo,27169,-
PKG-72F389,DRV_11,Out for delivery,2026-08-05 12:46:00,,,,Cinere,138016,-
PKG-DD0791,DRV_12,Out for delivery,2026-08-05 08:02:36,,,,Cinere,160590,-
PKG-110A51,DRV_52,Out for delivery,2026-08-05 12:48:40,,,,Limo,31587,-
PKG-685A02,DRV_36,Out for delivery,2026-08-05 12:52:51,,,,Cinere,0,-
PKG-C5E5E1,DRV_57,Out for delivery,2026-08-05 07:38:15,,,,Cinere,13599,-
PKG-7DD33B,DRV_35,Out for delivery,2026-08-05 12:45:47,,,,Cinere,27295,-
PKG-0A05B2,DRV_19,Out for delivery,2026-08-05 13:07:00,,,,Limo,181285,-
PKG-AA93A9,DRV_24,Out for delivery,2026-08-05 13:01:46,,,,Cinere,69791,-
PKG-24B3EC,DRV_22,Out for delivery,2026-08-05 13:35:38,,,,Limo,146400,-
PKG-6D44CB,DRV_12,Out for delivery,2026-08-05 08:02:36,,,,Cinere,10488,-
PKG-7F309C,DRV_03,Out for delivery,2026-08-05 13:02:20,,,,Cinere,55080,-
PKG-107619,DRV_00,Out for delivery,2026-08-05 07:59:10,,,,Limo,21580,-
PKG-A2642B,DRV_24,Out for delivery,2026-08-05 07:34:07,,,,Cinere,46761,-
PKG-D4F96E,DRV_24,Out for delivery,2026-08-05 07:34:07,,,,Cinere,23432,-
PKG-5FDE72,DRV_51,Out for delivery,2026-08-05 08:12:14,,,,Cinere,24526,-
PKG-573B7E,DRV_12,Out for delivery,2026-08-05 08:03:25,,,,Cinere,43532,-
PKG-6B7B63,DRV_00,Out for delivery,2026-08-05 07:43:15,,,,Limo,27270,-
PKG-F63E25,DRV_07,Out for delivery,2026-08-05 12:50:53,,,,Cinere,0,-
PKG-1A03F2,DRV_51,Out for delivery,2026-08-05 08:12:14,,,,Cinere,55035,-
PKG-AD720A,DRV_56,Out for delivery,2026-08-05 12:54:16,,,,Cinere,121883,-
PKG-9CCD12,DRV_06,Out for delivery,2026-08-05 07:56:57,,,,Limo,33734,-
PKG-5E3475,DRV_00,Out for delivery,2026-08-05 07:48:29,,,,Limo,21311,-
PKG-7ADA21,DRV_24,Out for delivery,2026-08-05 07:34:07,,,,Cinere,33835,-
PKG-70C917,DRV_24,Out for delivery,2026-08-05 13:01:46,,,,Cinere,0,-
PKG-B265B5,DRV_23,Out for delivery,2026-08-05 12:49:48,,,,Limo,0,-
PKG-CF00D6,DRV_51,Out for delivery,2026-08-05 08:12:14,,,,Cinere,23127,-
PKG-B10600,DRV_49,Out for delivery,2026-08-05 13:24:24,,,,Limo,151680,-
PKG-ECED19,DRV_26,Out for delivery,2026-08-05 12:58:52,,,,Cinere,65145,-
PKG-C3DB7E,DRV_39,Out for delivery,2026-08-05 13:31:41,,,,Cinere,0,-
PKG-93478B,DRV_03,Out for delivery,2026-08-05 07:47:26,,,,Cinere,11702,-
PKG-6E8FE9,DRV_57,Out for delivery,2026-08-05 07:38:15,,,,Cinere,7143,-
PKG-E6F3C2,DRV_14,Out for delivery,2026-08-05 12:43:53,,,,Cinere,11430,-
PKG-D6C01D,DRV_15,Out for delivery,2026-08-05 08:18:32,,,,Limo,178063,-
PKG-628862,DRV_28,Out for delivery,2026-08-05 07:35:59,,,,Cinere,56264,-
PKG-08E11D,DRV_50,Out for delivery,2026-08-05 12:50:19,,,,Cinere,0,-
PKG-196B78,DRV_44,Out for delivery,2026-08-05 12:46:51,,,,Cinere,0,-
PKG-8D6214,DRV_00,Out for delivery,2026-08-05 13:23:27,,,,Limo,27775,-
PKG-56E3D3,DRV_51,Out for delivery,2026-08-05 13:22:46,,,,Cinere,732351,-
PKG-3EECDF,DRV_17,Out for delivery,2026-08-05 13:44:46,,,,Limo,37259,-
PKG-192D3F,DRV_00,Out for delivery,2026-08-05 07:30:20,,,,Cinere,61509,-
PKG-3828A9,DRV_45,Out for delivery,2026-08-05 13:53:39,,,,Limo,12809,-
PKG-90A81D,DRV_06,Out for delivery,2026-08-05 07:56:57,,,,Limo,58883,-
PKG-11F0EE,DRV_24,Out for delivery,2026-08-05 08:27:35,,,,Cinere,10605,-
PKG-0101F4,DRV_00,Out for delivery,2026-08-05 12:42:13,,,,Cinere,120281,-
PKG-D248AB,DRV_58,Out for delivery,2026-08-05 07:59:05,,,,Limo,28280,-
PKG-D44D2E,DRV_45,Out for delivery,2026-08-05 13:53:39,,,,Limo,10605,-
PKG-214339,DRV_30,Out for delivery,2026-08-05 13:02:44,,,,Limo,0,-
PKG-5EDC22,DRV_50,Out for delivery,2026-08-05 12:50:53,,,,Cinere,10706,-
PKG-870750,DRV_14,Out for delivery,2026-08-05 07:23:28,,,,Cinere,28271,-
PKG-64821A,DRV_12,Out for delivery,2026-08-05 13:02:25,,,,Cinere,0,-
PKG-3C8119,DRV_47,Out for delivery,2026-08-05 13:26:44,,,,Limo,0,-
PKG-DB7A1C,DRV_36,Out for delivery,2026-08-05 12:52:51,,,,Cinere,0,-
PKG-D0F083,DRV_28,Out for delivery,2026-08-05 07:35:59,,,,Cinere,27858,-
PKG-94FE2C,DRV_12,Out for delivery,2026-08-05 08:02:36,,,,Cinere,23634,-
PKG-E93DCF,DRV_45,Out for delivery,2026-08-05 08:00:08,,,,Limo,0,-
PKG-97D550,DRV_29,Out for delivery,2026-08-05 07:23:27,,,,Cinere,28406,-
PKG-67A04B,DRV_33,Out for delivery,2026-08-05 07:45:47,,,,Cinere,19112,-
PKG-264C5B,DRV_17,Out for delivery,2026-08-05 07:47:30,,,,Limo,13015,-
PKG-B67F58,DRV_45,Out for delivery,2026-08-05 13:31:27,,,,Limo,0,-
PKG-774972,DRV_28,Out for delivery,2026-08-05 07:35:59,,,,Cinere,19190,-
PKG-A9525A,DRV_20,Out for delivery,2026-08-05 07:57:52,,,,Limo,30940,-
PKG-E57CB2,DRV_34,Out for delivery,2026-08-05 13:51:39,,,,Limo,12221,-
PKG-142733,DRV_56,Out for delivery,2026-08-05 12:54:16,,,,Cinere,42925,-
PKG-116E05,DRV_38,Out for delivery,2026-08-05 12:50:49,,,,Limo,17675,-
PKG-38F225,DRV_32,Out for delivery,2026-08-05 07:26:35,,,,Cinere,0,-
PKG-4571B4,DRV_15,Out for delivery,2026-08-05 08:18:32,,,,Limo,22119,-
PKG-F97F3C,DRV_38,Out for delivery,2026-08-05 07:54:34,,,,Limo,228361,-
PKG-CDB03A,DRV_40,Out for delivery,2026-08-05 07:54:46,,,,Limo,17669,-
PKG-9482E3,DRV_05,Out for delivery,2026-08-05 07:36:15,,,,Cinere,13370,-
PKG-4D0743,DRV_39,Out for delivery,2026-08-05 07:27:23,,,,Cinere,7967,-
PKG-6FAF5D,DRV_20,Out for delivery,2026-08-05 09:08:31,,,,Limo,7575,-
PKG-CD89DB,DRV_00,Out for delivery,2026-08-05 07:29:07,,,,Cinere,12120,-
PKG-DFD5D3,DRV_00,Out for delivery,2026-08-05 07:59:10,,,,Limo,12120,-
PKG-6431E9,DRV_38,Out for delivery,2026-08-05 07:53:15,,,,Limo,9898,-
PKG-C6FB1C,DRV_04,Out for delivery,2026-08-05 13:11:21,,,,Limo,60499,-
PKG-611D9D,DRV_15,Out for delivery,2026-08-05 13:31:40,,,,Limo,111519,-
PKG-1C363B,DRV_44,Out for delivery,2026-08-05 07:30:43,,,,Cinere,44541,-
PKG-DE9531,DRV_21,Out for delivery,2026-08-05 07:39:47,,,,Limo,24088,-
PKG-10F647,DRV_15,Out for delivery,2026-08-05 08:18:32,,,,Limo,27270,-
PKG-210509,DRV_43,Out for delivery,2026-08-05 12:55:50,,,,Limo,0,-
PKG-AB4481,DRV_17,Out for delivery,2026-08-05 07:47:30,,,,Limo,65549,-
PKG-2ECA76,DRV_47,Out for delivery,2026-08-05 13:10:35,,,,Limo,33662,-
PKG-F8D35E,DRV_58,Out for delivery,2026-08-05 13:28:56,,,,Limo,47800,-
PKG-F7F20A,DRV_19,Out for delivery,2026-08-05 13:07:00,,,,Limo,0,-
PKG-29E4B2,DRV_16,Out for delivery,2026-08-05 07:46:43,,,,Limo,29802,-
PKG-88E049,DRV_11,Out for delivery,2026-08-05 12:46:00,,,,Limo,0,-
PKG-ECE0A6,DRV_51,Out for delivery,2026-08-05 08:12:14,,,,Cinere,12423,-
PKG-6D780C,DRV_03,Out for delivery,2026-08-05 07:47:26,,,,Cinere,54706,-
PKG-6F62B1,DRV_12,Out for delivery,2026-08-05 08:02:36,,,,Cinere,27761,-
PKG-B945A8,DRV_35,Out for delivery,2026-08-05 12:45:47,,,,Cinere,0,-
PKG-78AE21,DRV_00,Out for delivery,2026-08-05 12:42:13,,,,Cinere,0,-
PKG-83619C,DRV_52,Out for delivery,2026-08-05 12:48:40,,,,Limo,117160,-
PKG-B81B96,DRV_03,Out for delivery,2026-08-05 13:02:20,,,,Cinere,0,-
PKG-0EFAAE,DRV_46,Out for delivery,2026-08-05 07:28:37,,,,Cinere,42117,-
PKG-CE9775,DRV_29,Out for delivery,2026-08-05 12:48:34,,,,Cinere,28784,-
PKG-725FBC,DRV_12,Out for delivery,2026-08-05 08:02:36,,,,Cinere,41920,-
PKG-980975,DRV_40,Out for delivery,2026-08-05 12:56:37,,,,Limo,0,-
PKG-137035,DRV_51,Out for delivery,2026-08-05 13:23:11,,,,Cinere,177008,-
PKG-9E37CD,DRV_56,Out for delivery,2026-08-05 12:54:16,,,,Cinere,0,-
PKG-C9E6D7,DRV_24,Out for delivery,2026-08-05 07:34:07,,,,Cinere,17579,-
PKG-116041,DRV_45,Out for delivery,2026-08-05 13:31:27,,,,Limo,0,-
PKG-297203,DRV_18,Out for delivery,2026-08-05 07:53:43,,,,Limo,18786,-
PKG-1981EB,DRV_24,Out for delivery,2026-08-05 07:34:07,,,,Cinere,14139,-
PKG-7BF4E3,DRV_28,Out for delivery,2026-08-05 13:11:50,,,,Cinere,19089,-
PKG-E8B2AA,DRV_58,Out for delivery,2026-08-05 07:59:05,,,,Limo,101404,-
PKG-9A9206,DRV_12,Out for delivery,2026-08-05 08:02:36,,,,Cinere,59595,-
PKG-E3A34E,DRV_07,Out for delivery,2026-08-05 12:50:53,,,,Cinere,121559,-
PKG-4DFDA5,DRV_44,Out for delivery,2026-08-05 12:46:51,,,,Cinere,0,-
PKG-690F53,DRV_37,Out for delivery,2026-08-05 13:07:40,,,,Limo,31815,-
PKG-9EC586,DRV_56,Out for delivery,2026-08-05 12:54:16,,,,Cinere,33417,-
PKG-48223B,DRV_51,Out for delivery,2026-08-05 13:22:46,,,,Cinere,42905,-
PKG-9980B8,DRV_51,Out for delivery,2026-08-05 08:12:14,,,,Cinere,11132,-
PKG-AE94AA,DRV_17,Out for delivery,2026-08-05 13:44:46,,,,Limo,81712,-
PKG-A82040,DRV_45,Out for delivery,2026-08-05 13:53:38,,,,Limo,7575,-
PKG-91FFC5,DRV_14,Out for delivery,2026-08-05 12:43:53,,,,Cinere,23970,-
PKG-962920,DRV_58,Out for delivery,2026-08-05 13:28:56,,,,Limo,33493,-
PKG-824A64,DRV_12,Out for delivery,2026-08-05 13:02:25,,,,Cinere,8668,-
PKG-8304C0,DRV_34,Out for delivery,2026-08-05 13:14:02,,,,Limo,33532,-
PKG-729AC3,DRV_40,Out for delivery,2026-08-05 12:56:37,,,,Limo,0,-
PKG-F4A447,DRV_58,Out for delivery,2026-08-05 13:28:56,,,,Limo,0,-
PKG-71E317,DRV_37,Out for delivery,2026-08-05 12:52:20,,,,Limo,12119,-
PKG-C72C77,DRV_40,Out for delivery,2026-08-05 12:56:37,,,,Limo,0,-
PKG-74EA7D,DRV_15,Out for delivery,2026-08-05 13:31:40,,,,Limo,0,-
PKG-287726,DRV_47,Out for delivery,2026-08-05 13:10:35,,,,Limo,0,-
PKG-852FAD,DRV_52,Out for delivery,2026-08-05 12:48:40,,,,Limo,91708,-
PKG-AF860C,DRV_07,Out for delivery,2026-08-05 07:41:10,,,,Limo,23735,-
PKG-609423,DRV_24,Out for delivery,2026-08-05 07:34:07,,,,Cinere,12900,-
PKG-D20B7E,DRV_24,Out for delivery,2026-08-05 13:01:46,,,,Cinere,80497,-
PKG-3CEB87,DRV_32,Out for delivery,2026-08-05 12:54:30,,,,Cinere,90115,-
PKG-98CA49,DRV_35,Out for delivery,2026-08-05 12:45:47,,,,Cinere,148874,-
PKG-38F3CB,DRV_12,Out for delivery,2026-08-05 08:02:36,,,,Cinere,21210,-
PKG-35DEEE,DRV_24,Out for delivery,2026-08-05 07:49:13,,,,Cinere,36259,-
PKG-8A3614,DRV_27,Out for delivery,2026-08-05 07:53:08,,,,Limo,12928,-
PKG-ECCBFE,DRV_38,Out for delivery,2026-08-05 12:50:49,,,,Limo,0,-
PKG-4D4798,DRV_57,Out for delivery,2026-08-05 07:38:15,,,,Beji,14644,-
PKG-81B7DC,DRV_54,Out for delivery,2026-08-05 07:23:34,,,,Cinere,12120,-
PKG-392034,DRV_00,Out for delivery,2026-08-05 12:58:40,,,,Limo,93213,-
PKG-EF5F72,DRV_58,Out for delivery,2026-08-05 07:59:05,,,,Limo,25755,-
PKG-9D3D7E,DRV_21,Out for delivery,2026-08-05 07:39:47,,,,Limo,76457,-
PKG-AC7433,DRV_37,Out for delivery,2026-08-05 12:52:20,,,,Limo,90440,-
PKG-1A27C0,DRV_37,Out for delivery,2026-08-05 12:52:20,,,,Limo,0,-
PKG-240D5C,DRV_38,Out for delivery,2026-08-05 07:53:15,,,,Beji,48277,-
PKG-9014A5,DRV_19,Out for delivery,2026-08-05 13:07:00,,,,Limo,8484,-
PKG-FBBBD7,DRV_24,Out for delivery,2026-08-05 07:49:13,,,,Cinere,37572,-
PKG-492FD7,DRV_00,Out for delivery,2026-08-05 07:59:10,,,,Limo,21210,-
PKG-34EA45,DRV_25,Out for delivery,2026-08-05 13:13:19,,,,Cinere,80598,-
PKG-104E42,DRV_58,Out for delivery,2026-08-05 13:28:56,,,,Limo,16091,-
PKG-3CE5C7,DRV_06,Out for delivery,2026-08-05 13:27:49,,,,Limo,0,-
PKG-3F71C9,DRV_31,Out for delivery,2026-08-05 13:22:02,,,,Limo,22119,-
PKG-BA9871,DRV_50,Out for delivery,2026-08-05 12:50:19,,,,Cinere,36170,-
PKG-002163,DRV_13,Out for delivery,2026-08-05 12:45:32,,,,Cinere,0,-
PKG-E74E58,DRV_24,Out for delivery,2026-08-05 07:34:07,,,,Cinere,0,-
PKG-CB42AD,DRV_23,Out for delivery,2026-08-05 12:49:48,,,,Limo,0,-
PKG-17F6F6,DRV_44,Out for delivery,2026-08-05 12:46:51,,,,Cinere,92212,-
PKG-560667,DRV_52,Out for delivery,2026-08-05 12:48:40,,,,Limo,92212,-
PKG-DE361B,DRV_52,Out for delivery,2026-08-05 12:48:40,,,,Limo,101681,-
PKG-95D5AB,DRV_47,Out for delivery,2026-08-05 13:10:35,,,,Limo,18685,-
PKG-C1D439,DRV_54,Out for delivery,2026-08-05 13:01:46,,,,Cinere,39491,-
PKG-DCF279,DRV_32,Out for delivery,2026-08-05 12:54:30,,,,Cinere,10706,-
PKG-865323,DRV_38,Out for delivery,2026-08-05 12:50:49,,,,Limo,0,-
PKG-6C3EFD,DRV_43,Out for delivery,2026-08-05 12:55:50,,,,Limo,21210,-
PKG-913C2F,DRV_51,Out for delivery,2026-08-05 13:22:46,,,,Cinere,11110,-
PKG-B22DA9,DRV_30,Out for delivery,2026-08-05 13:02:29,,,,Limo,11110,-
PKG-FDA809,DRV_37,Out for delivery,2026-08-05 12:52:20,,,,Limo,34592,-
PKG-6CB56C,DRV_06,Out for delivery,2026-08-05 13:27:49,,,,Limo,28785,-
PKG-ADCB89,DRV_30,Out for delivery,2026-08-05 13:02:29,,,,Limo,0,-
PKG-40E7C6,DRV_58,Out for delivery,2026-08-05 13:28:56,,,,Limo,56378,-
PKG-8D4145,DRV_21,Out for delivery,2026-08-05 07:39:47,,,,Limo,74235,-
PKG-5D6C95,DRV_03,Out for delivery,2026-08-05 13:02:20,,,,Cinere,0,-
PKG-AB1ED9,DRV_03,Out for delivery,2026-08-05 13:02:20,,,,Cinere,26098,-
PKG-402D9D,DRV_00,Out for delivery,2026-08-05 13:57:44,,,,Limo,229068,-
PKG-3948FC,DRV_30,Out for delivery,2026-08-05 13:02:29,,,,Limo,56814,-
PKG-B03545,DRV_43,Out for delivery,2026-08-05 13:53:14,,,,Limo,147571,-
PKG-C37691,DRV_58,Out for delivery,2026-08-05 13:28:56,,,,Limo,164544,-
PKG-AB3101,DRV_29,Out for delivery,2026-08-05 12:48:34,,,,Cinere,0,-
PKG-9C3094,DRV_37,Out for delivery,2026-08-05 12:54:04,,,,Limo,0,-
PKG-343C35,DRV_54,Out for delivery,2026-08-05 13:01:46,,,,Cinere,48238,-
PKG-FD170E,DRV_32,Out for delivery,2026-08-05 12:54:30,,,,Cinere,0,-
PKG-3821AF,DRV_38,Out for delivery,2026-08-05 12:50:49,,,,Limo,84032,-
PKG-C9FA96,DRV_25,Out for delivery,2026-08-05 13:13:19,,,,Cinere,0,-
PKG-337CCD,DRV_46,Out for delivery,2026-08-05 13:08:59,,,,Cinere,46408,-
PKG-C94799,DRV_47,Out for delivery,2026-08-05 13:10:35,,,,Limo,45697,-
PKG-393429,DRV_22,Out for delivery,2026-08-05 13:35:38,,,,Limo,0,-
PKG-3FC9AF,DRV_24,Out for delivery,2026-08-05 13:01:46,,,,Cinere,0,-
PKG-453DF5,DRV_05,Out for delivery,2026-08-05 13:24:09,,,,Cinere,147763,-
PKG-2F2A4A,DRV_06,Out for delivery,2026-08-05 13:27:49,,,,Limo,0,-
PKG-B4C65E,DRV_00,Out for delivery,2026-08-05 07:29:07,,,,Cinere,54641,-
PKG-3B42AA,DRV_50,Out for delivery,2026-08-05 12:50:19,,,,Cinere,72408,-
PKG-5F06F5,DRV_39,Out for delivery,2026-08-05 13:31:41,,,,Cinere,0,-
PKG-1618AE,DRV_33,Out for delivery,2026-08-05 13:00:41,,,,Cinere,79487,-
PKG-AB3398,DRV_16,Out for delivery,2026-08-05 12:57:17,,,,Limo,0,-
PKG-F44EE9,DRV_37,Out for delivery,2026-08-05 12:52:20,,,,Limo,70801,-
PKG-29FE19,DRV_17,Out for delivery,2026-08-05 13:44:46,,,,Limo,145843,-
PKG-96D53E,DRV_14,Out for delivery,2026-08-05 12:43:53,,,,Cinere,30299,-
PKG-CD3592,DRV_54,Out for delivery,2026-08-05 13:01:46,,,,Cinere,31199,-
PKG-5E1D83,DRV_20,Out for delivery,2026-08-05 13:21:02,,,,Limo,42930,-
PKG-58A2CC,DRV_15,Out for delivery,2026-08-05 13:31:40,,,,Limo,79374,-
PKG-BB9BBB,DRV_56,Out for delivery,2026-08-05 12:54:16,,,,Cinere,68047,-
PKG-A59236,DRV_17,Out for delivery,2026-08-05 13:44:46,,,,Cinere,78073,-
PKG-EAFE05,DRV_00,Out for delivery,2026-08-05 13:57:44,,,,Limo,146820,-
PKG-73FAAB,DRV_24,Out for delivery,2026-08-05 07:34:07,,,,Cinere,24279,-
PKG-332B21,DRV_40,Out for delivery,2026-08-05 07:54:46,,,,Limo,24745,-
PKG-21C614,DRV_28,Out for delivery,2026-08-05 07:35:59,,,,Cinere,24744,-
PKG-3D66B0,DRV_21,Out for delivery,2026-08-05 12:53:50,,,,Limo,45268,-
PKG-5B7E1A,DRV_50,Out for delivery,2026-08-05 12:50:19,,,,Cinere,45398,-
PKG-83076A,DRV_12,Out for delivery,2026-08-05 08:02:36,,,,Cinere,202000,-
PKG-5DF159,DRV_39,Out for delivery,2026-08-05 13:31:41,,,,Cinere,33411,-
PKG-1B109D,DRV_45,Out for delivery,2026-08-05 13:31:27,,,,Limo,62013,-
